gid,pid,detail,no_play,off,def,type,psr,trg,bc,qtr,los,dwn,ytg,yfog,zone,yds,succ,fd,sg,nh,comp,ints,back,hash,mot,box,pap,trick,qbp,qbhi,qbhu,qbru,sneak,scrm,htm,pru,blz,oop,oopd,cov_type,cnb,cball,qbta,high,crr,intw,drp,avsk,fread,scre,mbt,ttp,qbsk,ttpr,dot,yac,yaco,sep,qb_pos,inc_type,rte,read,concept,rmod,pres1_type,pres1_def,pres1_off,pres2_type,pres2_def,pres2_off,pres3_type,pres3_def,pres3_off,mt1_def,mt1_type,mt1_cause,mt2_def,mt2_type,mt2_cause,mt3_def,mt3_type,mt3_cause,pri_def,sec_def,shell,rpo,trg_sep,bb_off1,bb_def1,bb_off2,bb_def2,bb_off3,bb_def3
6449,1057995,"7-H.Butker kicks 65 yards from KC 35 to end zone, Touchback to the BLT 30.",FALSE,BLT,KC,KOFF,,,,1,KC 35,0,0,65,4,0,1,0,0,0,0,0,0,,0,0,0,0,0,0,0,0,0,0,0,0,0,0,,,0,0,0,0,0,0,0,0,0,0,0,NA,0,NA,NA,NA,NA,,,,,,,,,,,,,,,,,,,,,,,,,,,,,0,,,,,,,
6449,1057996,(15:00) (Shotgun) 22-D.Henry left end to BLT 32 for 2 yards (35-Ja.Watson).,FALSE,BLT,KC,RUSH,,,00-0032764,1,BAL 30,1,10,30,2,2,0,0,1,0,0,0,0,,0,0,0,0,0,0,0,0,0,0,0,0,0,0,,,0,0,0,0,0,0,0,0,0,0,0,NA,0,NA,NA,NA,NA,,,,,,Outside Zone,Pull Lead,,,,,,,,,,,,,,,,,,,,,,0,,,,,,,
6449,1057997,"(14:19) (Shotgun) 8-L.Jackson pass short right to 4-Z.Flowers to BLT 34 for 2 yards (23-D.Tranquill).PENALTY on BLT-79-R.Stanley, Illegal Formation, 5 yards, enforced at BLT 32 - No Play.",TRUE,BLT,KC,NOPL,00-0034796,,,1,BAL 32,2,8,32,2,0,0,0,1,0,0,0,0,L,1,6,0,0,0,0,0,0,0,0,0,4,0,0,,Z-UND,0,1,0,0,0,0,0,0,1,0,0,1.7,0,NA,0,NA,1,OPN,S,,3 - Hitch/Curl,1,,,,,,,,,,,,,,,,,,,,,00-0039067,00-0035262,2M,0,1,,,,,,
6449,1057998,(13:55) (Shotgun) 8-L.Jackson pass short right to 43-J.Hill pushed ob at BLT 29 for 2 yards (27-C.Conner).,FALSE,BLT,KC,PASS,00-0034796,00-0034975,,1,BAL 27,2,13,27,2,2,0,0,1,0,1,0,1,L,1,6,0,0,1,0,1,0,0,0,0,4,0,0,,Z-UND,0,1,0,0,0,0,0,0,0,0,0,3.2,0,2.1,-4,6,1,OPN,S,,10 - Swing,CHK,,,P,00-0032762,00-0038118,,,,,,,,,,,,,,,,00-0038982,,2M,0,1,,,,,,
6449,1057999,(13:20) (Shotgun) 8-L.Jackson pass short right to 43-J.Hill ran ob at BLT 47 for 18 yards (35-Ja.Watson).,FALSE,BLT,KC,PASS,00-0034796,00-0034975,,1,BAL 29,3,11,29,2,18,1,1,1,0,1,0,1,R,0,6,0,0,1,0,1,0,0,0,0,5,1,1,P,Z-UND,0,1,0,0,0,0,0,0,0,0,0,3,0,2,1,17,NA,WO,S,,2 - Quick Out,CHK,,,P,00-0037192,00-0034753,,,,,,,,,,,,,,,,00-0036621,,6,0,4,,,,,,
6449,1058000,(12:43) 22-D.Henry up the middle to BLT 48 for 1 yard (95-C.Jones; 69-M.Pennel).,FALSE,BLT,KC,RUSH,,,00-0032764,1,BAL 47,1,10,47,3,1,0,0,0,0,0,0,0,,0,0,0,0,0,0,0,0,0,0,0,0,0,0,,,0,0,0,0,0,0,0,0,0,0,0,NA,0,NA,NA,NA,NA,,,,,,Inside Zone,Lead,,,,,,,,,,,,,,,,,,,,,,0,,00-0037825,00-0032762,,,,
6449,1058001,"(12:00) (Shotgun) 8-L.Jackson pass incomplete short left to 22-D.Henry (54-L.Chenal).Penalty on BLT-65-P.Mekari, Illegal Formation, declined.",FALSE,BLT,KC,PASS,00-0034796,00-0032764,,1,BAL 48,2,9,48,3,0,0,0,1,0,0,0,1,M,0,7,0,0,0,0,0,0,0,0,0,5,1,0,,Z-UND,0,0,0,0,0,1,0,0,0,0,0,2.3,0,NA,-6,NA,NA,OPN,S,BPA,5 - In/Dig,DES,,,,,,,,,,,,,,,,,,,,,00-0037819,,2,0,1,,,,,,
6449,1058002,"(11:55) (Shotgun) 8-L.Jackson pass incomplete deep right to 4-Z.Flowers.Penalty on BLT-79-R.Stanley, Illegal Formation, offsetting, enforced at BLT 48 - No Play.Penalty on KC-35-Ja.Watson, Defensive Pass Interference, offsetting.",TRUE,BLT,KC,NOPL,00-0034796,,,1,BAL 48,3,9,48,3,0,1,0,1,0,0,0,1,M,0,5,0,0,1,0,1,0,0,0,0,4,0,0,,M-SNH,1,1,0,0,0,0,0,0,1,0,0,2.7,0,2.6,0,NA,NA,TCV,S,PEN,6 - Corner,1,,,P,00-0037192,00-0034753,,,,,,,,,,,,,,,,00-0037195,,3,0,0,,,,,,
6449,1058003,(11:49) (Shotgun) 8-L.Jackson pass deep middle to 4-Z.Flowers to KC 33 for 19 yards (22-T.McDuffie).,FALSE,BLT,KC,PASS,00-0034796,00-0039064,,1,BAL 48,3,9,48,3,19,1,1,1,0,1,0,1,M,0,6,0,0,0,0,0,0,0,0,0,4,0,0,,M-SNH,0,1,0,0,0,0,0,0,1,0,0,2.8,0,NA,18,1,0,STP,S,,5 - In/Dig,1,,,,,,,,,,,,,,,,,,,,,00-0037191,,1,0,1,,,,,,
6449,1058004,(11:05) (Shotgun) 22-D.Henry right end to KC 27 for 6 yards (20-J.Reid).,FALSE,BLT,KC,RUSH,,,00-0032764,1,KC 33,1,10,67,4,6,1,0,1,0,0,0,0,,0,0,0,0,0,0,0,0,0,0,0,0,0,0,,,0,0,0,0,0,0,0,0,0,0,0,NA,0,NA,NA,NA,NA,,,,,,Outside Zone,,,,,,,,,,,,,,,,,,,,,,,0,,,,,,,
6449,1058005,(10:26) (Shotgun) 22-D.Henry up the middle to KC 24 for 3 yards (54-L.Chenal; 32-N.Bolton).,FALSE,BLT,KC,RUSH,,,00-0032764,1,KC 27,2,4,73,4,3,1,0,1,0,0,0,0,,0,0,0,0,0,0,0,0,0,0,0,0,0,0,,,0,0,0,0,0,0,0,0,0,0,0,NA,0,NA,NA,NA,NA,,,,,,Power,Pull Lead,,,,,,,,,,,,,,,,,,,,,,0,,,,,,,
6449,1058006,(9:40) (Shotgun) 8-L.Jackson left end ran ob at KC 13 for 11 yards (20-J.Reid).,FALSE,BLT,KC,RUSH,,,00-0034796,1,KC 24,3,1,76,4,11,1,1,1,0,0,0,0,,0,0,0,0,0,0,0,1,0,0,0,0,0,0,,,0,0,0,0,0,0,0,0,0,0,0,NA,0,NA,NA,NA,NA,,,,,,Inside Zone,Read Option,,,,,,,,,,,,,,,,,,,,,,0,,,,,,,
6449,1058007,(9:00) (Shotgun) 8-L.Jackson left end to KC 5 for 8 yards (20-J.Reid).,FALSE,BLT,KC,RUSH,,,00-0034796,1,KC 13,1,10,87,5,8,1,0,1,0,0,0,0,,0,0,0,0,0,0,0,1,0,0,0,0,0,0,,,0,0,0,0,0,0,0,0,0,0,0,NA,0,NA,NA,NA,NA,,,,,,Outside Zone,Pull Lead,,,,,,,,,,,,,,,,,,,,,,0,,,,,,,
6449,1058008,"(8:18) 22-D.Henry right guard for 5 yards, TOUCHDOWN.",FALSE,BLT,KC,RUSH,,,00-0032764,1,KC 5,2,2,95,5,5,1,1,0,0,0,0,0,,0,0,0,0,0,0,0,0,0,0,0,0,0,0,,,0,0,0,0,0,0,0,0,0,0,0,NA,0,NA,NA,NA,NA,,,,,,Inside Zone,Lead,,,,,,,,,,,,,,,,,,,,,,0,,,,,,,
6449,1058009,"9-J.Tucker extra point is GOOD, Center-46-N.Moore, Holder-11-J.Stout.",FALSE,BLT,KC,FGXP,,,,1,KC 15,0,0,85,5,0,1,0,0,0,0,0,0,,0,0,0,0,0,0,0,0,0,0,0,0,0,0,,,0,0,0,0,0,0,0,0,0,0,0,NA,0,NA,NA,NA,NA,,,,,,,,,,,,,,,,,,,,,,,,,,,,,0,,,,,,,
6449,1058010,9-J.Tucker kicks 60 yards from BLT 35 to KC 5. 42-C.Steele to KC 33 for 28 yards (49-C.Board; 25-K.Hollman).,FALSE,KC,BLT,KOFF,,,,1,BAL 35,0,0,65,4,0,1,0,0,0,0,0,0,,0,0,0,0,0,0,0,0,0,0,0,0,0,0,,,0,0,0,0,0,0,0,0,0,0,0,NA,0,NA,NA,NA,NA,,,,,,,,,,,,,,,,,,,,,,,,,,,,,0,,,,,,,
6449,1058011,"(8:09) (Shotgun) 15-P.Mahomes pass short left to 4-R.Rice to KC 44 for 11 yards (32-M.Williams, 0-R.Smith).",FALSE,KC,BLT,PASS,00-0033873,00-0039067,,1,KC 33,1,10,33,2,11,1,1,1,0,1,0,1,R,1,6,1,0,0,0,0,0,0,0,0,5,1,0,,M-SNH,0,1,0,0,0,0,0,0,1,0,0,1.2,0,NA,4,7,1,STP,S,,2 - Quick Out,1,,,,,,,,,,,,,,,,,,,,,00-0033281,,3,1,1,,,,,,
6449,1058012,(7:39) (Shotgun) 15-P.Mahomes sacked at KC 44 for 0 yards (sack split by 23-T.Simpson and 92-J.Madubuike).,FALSE,KC,BLT,PASS,00-0033873,,,1,KC 44,1,10,44,3,0,0,0,1,0,0,0,1,M,1,6,0,0,1,1,0,0,0,0,0,4,0,0,,,0,0,0,0,0,0,0,0,0,0,0,NA,0,3.4,NA,NA,NA,,S,,,,,,P,00-0036130,00-0036660,,,,,,,,,,,,,,,,,,2M,0,,,,,,,
6449,1058013,(7:03) 10-I.Pacheco up the middle to KC 48 for 4 yards (92-J.Madubuike; 0-R.Smith).,FALSE,KC,BLT,RUSH,,,00-0037197,1,KC 44,2,10,44,3,4,0,0,0,0,0,0,0,,0,0,0,0,0,0,0,0,0,0,0,0,0,0,,,0,0,0,0,0,0,0,0,0,0,0,NA,0,NA,NA,NA,NA,,,,,,Inside Zone,,,,,,,,,,,,,,,,,,,,,,,0,,,,,,,
6449,1058014,"(6:23) (Shotgun) 15-P.Mahomes pass short middle to 4-R.Rice to BLT 36 for 16 yards (0-R.Smith).PENALTY on BLT-0-R.Smith, Horse Collar Tackle, 15 yards, enforced at BLT 36.",FALSE,KC,BLT,PASS,00-0033873,00-0039067,,1,KC 48,3,6,48,3,16,1,1,1,0,1,0,1,L,1,5,0,0,0,0,0,0,0,0,0,4,0,0,,Z-HIZ,0,1,0,0,0,0,0,0,1,0,0,2.4,0,NA,4,12,3,OPN,S,,1 - Slant,1,,,,,,,,,,,,,,,,,,,,,00-0034874,,C,0,3,,,,,,
6449,1058015,"(6:02) 1-X.Worthy right end for 21 yards, TOUCHDOWN.",FALSE,KC,BLT,RUSH,,,00-0039894,1,BAL 21,1,10,79,4,21,1,1,0,0,0,0,0,,0,0,0,0,0,0,0,0,0,0,0,0,0,0,,,0,0,0,0,0,0,0,0,0,0,0,NA,0,NA,NA,NA,NA,,,,,,Trick/WR Run,Misdirection,,,,,,,,,,00-0031360,2ND,GB,00-0036280,DFD,GB,,,,,,,0,,,,,,,
6449,1058016,"7-H.Butker extra point is GOOD, Center-41-J.Winchester, Holder-14-M.Araiza.",FALSE,KC,BLT,FGXP,,,,1,BAL 15,0,0,85,5,0,1,0,0,0,0,0,0,,0,0,0,0,0,0,0,0,0,0,0,0,0,0,,,0,0,0,0,0,0,0,0,0,0,0,NA,0,NA,NA,NA,NA,,,,,,,,,,,,,,,,,,,,,,,,,,,,,0,,,,,,,
6449,1058017,"7-H.Butker kicks 65 yards from KC 35 to end zone, Touchback to the BLT 30.",FALSE,BLT,KC,KOFF,,,,1,KC 35,0,0,65,4,0,1,0,0,0,0,0,0,,0,0,0,0,0,0,0,0,0,0,0,0,0,0,,,0,0,0,0,0,0,0,0,0,0,0,NA,0,NA,NA,NA,NA,,,,,,,,,,,,,,,,,,,,,,,,,,,,,0,,,,,,,
6449,1058018,(5:55) 8-L.Jackson pass short left to 80-I.Likely to BLT 45 for 15 yards (6-B.Cook).,FALSE,BLT,KC,PASS,00-0034796,00-0037838,,1,BAL 30,1,10,30,2,15,1,1,0,0,1,0,2,R,1,7,1,0,0,0,0,0,0,0,0,6,2,0,,M-SNH,0,1,0,0,0,0,0,0,1,0,0,3,0,NA,11,4,0,WO,U,,4 - Deep Out,1,,,,,,,,,,,,,,,,,,,,,00-0034361,,1,0,5+,,,,,,
6449,1058019,(5:13) 22-D.Henry left end to BLT 46 for 1 yard (98-T.Wharton; 54-L.Chenal).,FALSE,BLT,KC,RUSH,,,00-0032764,1,BAL 45,1,10,45,3,1,0,0,0,0,0,0,0,,0,0,0,0,0,0,0,0,0,0,0,0,0,0,,,0,0,0,0,0,0,0,0,0,0,0,NA,0,NA,NA,NA,NA,,,,,,Outside Zone,Lead,,,,,,,,,,,,,,,,,,,,,,0,,,,,,,
6449,1058020,(4:29) (Shotgun) 8-L.Jackson pass short right to 4-Z.Flowers to BLT 49 for 3 yards (22-T.McDuffie).,FALSE,BLT,KC,PASS,00-0034796,00-0039064,,1,BAL 46,2,9,46,3,3,0,0,1,0,1,0,1,L,0,4,0,0,0,0,0,0,0,0,0,3,0,0,,Z-UND,0,1,0,0,0,0,0,0,1,0,0,2.1,0,NA,3,0,0,OPN,S,,2 - Quick Out,1,,,,,,,,,,,,,,,,,,,,,00-0037191,,2,0,1,,,,,,
6449,1058021,(3:48) (Shotgun) 8-L.Jackson pass short right to 43-J.Hill to 50 for 1 yard (20-J.Reid).,FALSE,BLT,KC,PASS,00-0034796,00-0034975,,1,BAL 49,3,6,49,3,1,0,0,1,0,1,0,1,R,0,5,0,0,0,0,0,0,0,0,0,6,2,0,,M-SNH,0,1,0,0,0,0,0,0,1,0,0,1.8,0,NA,-1,2,0,OPN,S,,10 - Swing,1,,,,,,,,,,,,,,,,,,,,,00-0034361,,0,0,1,,,,,,
6449,1058022,"(3:03) 11-J.Stout punts 40 yards to KC 10, Center-46-N.Moore, fair catch by 17-M.Hardman.",FALSE,BLT,KC,PUNT,,,,1,MID 50,4,5,50,3,0,0,0,0,0,0,0,0,,0,0,0,0,0,0,0,0,0,0,0,0,0,0,,,0,0,0,0,0,0,0,0,0,0,0,NA,0,NA,NA,NA,NA,,,,,,,,,,,,,,,,,,,,,,,,,,,,,0,,,,,,,
6449,1058023,(2:55) (Shotgun) 15-P.Mahomes pass short left to 10-I.Pacheco ran ob at KC 33 for 23 yards (21-B.Stephens) [53-K.Van Noy].,FALSE,KC,BLT,PASS,00-0033873,00-0037197,,1,KC 10,1,10,10,1,23,1,1,1,0,1,0,1,L,1,6,1,0,1,1,0,0,0,0,0,4,0,0,,Z-UND,0,1,0,0,0,0,0,0,0,0,0,3.2,0,NA,-4,27,22,WO,S,,10 - Swing,CHK,,,,,,,,,,,,,,,,,,,,,00-0036280,,2M,0,5+,,,,,,
6449,1058024,(2:19) (Shotgun) 15-P.Mahomes pass short middle to 4-R.Rice to BLT 48 for 19 yards (39-E.Jackson).,FALSE,KC,BLT,PASS,00-0033873,00-0039067,,1,KC 33,1,10,33,2,19,1,1,1,0,1,0,0,L,0,4,0,0,0,0,0,0,0,0,0,4,0,0,,Z-HIZ,0,1,0,0,0,0,0,0,1,0,0,1.9,0,NA,3,16,1,OPN,S,,1 - Slant,1,,,,,,,,,,,,,,,,,,,,,00-0034874,,2,0,1,,,,,,
6449,1058025,(1:39) (Shotgun) 10-I.Pacheco up the middle to BLT 47 for 1 yard (96-B.Washington; 14-K.Hamilton).,FALSE,KC,BLT,RUSH,,,00-0037197,1,BAL 48,1,10,52,3,1,0,0,1,0,0,0,0,,0,0,0,0,0,0,0,0,0,0,0,0,0,0,,,0,0,0,0,0,0,0,0,0,0,0,NA,0,NA,NA,NA,NA,,,,,,Power,Lead,,,,,,,,,,,,,,,,,,,,,,0,,,,,,,
6449,1058026,(1:09) 15-P.Mahomes pass short right to 4-R.Rice to BLT 46 for 1 yard (99-O.Oweh; 2-N.Wiggins).,FALSE,KC,BLT,PASS,00-0033873,00-0039067,,1,BAL 47,2,9,53,3,1,0,0,0,0,1,0,1,L,0,6,1,0,0,0,0,0,0,0,0,5,1,0,,M-SNH,0,1,0,0,0,0,0,0,0,1,0,1.5,0,NA,-3,4,0,OPN,U,,0 - Screen,DES,,,,,,,,,,,,,,,,,,,,,00-0039232,,1,0,2,,,,,,
6449,1058027,(:29) (Shotgun) 15-P.Mahomes sacked at KC 44 for -10 yards (90-D.Ojabo).,FALSE,KC,BLT,PASS,00-0033873,,,1,BAL 46,3,8,54,3,-10,0,0,1,0,0,0,1,R,1,5,0,0,1,1,0,0,0,0,0,4,0,0,,,0,0,0,0,0,0,0,0,0,0,0,NA,0,2.3,NA,NA,NA,,S,,,,,,P,00-0038142,00-0039844,P,00-0037756,00-0032391,,,,,,,,,,,,,,,2,0,,,,,,,
6449,1058028,"(15:00) 14-M.Araiza punts 56 yards to end zone, Center-41-J.Winchester, Touchback.",FALSE,KC,BLT,PUNT,,,,2,KC 44,4,18,44,3,0,1,0,0,0,0,0,0,,0,0,0,0,0,0,0,0,0,0,0,0,0,0,,,0,0,0,0,0,0,0,0,0,0,0,NA,0,NA,NA,NA,NA,,,,,,,,,,,,,,,,,,,,,,,,,,,,,0,,,,,,,
6449,1058029,"(14:53) 8-L.Jackson sacked at BLT 13 for -7 yards (95-C.Jones). FUMBLES (95-C.Jones), RECOVERED by KC-97-F.Anudike-Uzomah at BLT 14.",FALSE,BLT,KC,PASS,00-0034796,,,2,BAL 20,1,10,20,2,-6,0,0,0,0,0,0,1,L,0,8,1,0,1,0,0,0,0,0,0,6,2,0,,,0,0,0,0,0,0,0,0,0,0,0,NA,0,2.3,NA,NA,NA,,U,,,,,,P,00-0032762,00-0038118,P,00-0030757,00-0037825,,,,,,,,,,,,,,,1,0,,,,,,,
6449,1058030,"(14:44) (Shotgun) Direct snap to 10-I.Pacheco.  10-I.Pacheco left end to BLT 11 for 3 yards (99-O.Oweh).PENALTY on KC-87-T.Kelce, Offensive Holding, 10 yards, enforced at BLT 14 - No Play.",TRUE,KC,BLT,NOPL,,,,2,BAL 14,1,10,86,5,0,0,0,1,0,0,0,0,,0,0,0,0,0,0,0,1,0,0,0,0,0,0,,,0,0,0,0,0,0,0,0,0,0,0,NA,0,NA,NA,NA,NA,,,,,,Outside Zone,Pull Lead,,,,,,,,,,,,,,,,,,,,,,0,,,,,,,
6449,1058031,(14:30) 15-P.Mahomes pass incomplete short right to 10-I.Pacheco.,FALSE,KC,BLT,PASS,00-0033873,00-0037197,,2,BAL 24,1,20,76,4,0,0,0,0,0,0,0,0,M,1,6,0,0,0,0,0,0,0,0,0,4,0,0,,Z-HIZ,0,1,0,0,0,0,1,0,1,0,0,2.2,0,NA,11,NA,NA,OPN,U,DP,10 - Swing,1,,,,,,,,,,,,,,,,,,,,,00-0036280,00-0033281,2,0,2,,,,,,
6449,1058032,Timeout #1 by KC at 14:26.,TRUE,NA,NA,NOPL,,,,2,BAL 24,0,0,0,0,0,0,0,0,0,0,0,0,,0,0,0,0,0,0,0,0,0,0,0,0,0,0,,,0,0,0,0,0,0,0,0,0,0,0,NA,0,NA,NA,NA,NA,,,,,,,,,,,,,,,,,,,,,,,,,,,,,0,,,,,,,
6449,1058033,(14:26) 15-P.Mahomes pass short middle to 83-N.Gray to BLT 13 for 11 yards (0-R.Smith; 14-K.Hamilton).,FALSE,KC,BLT,PASS,00-0033873,00-0036637,,2,BAL 24,2,20,76,4,11,1,0,0,0,1,0,1,M,0,7,0,0,0,0,0,0,0,0,0,4,0,0,,Z-HIZ,1,1,0,0,0,0,0,0,1,0,0,2.3,0,NA,10,1,0,CLS,U,,5 - In/Dig,1,,,,,,,,,,,,,,,,,,,,,00-0034874,00-0038038,2,0,0,,,,,,
6449,1058034,(13:44) (Shotgun) 15-P.Mahomes pass incomplete short left to 9-J.Smith-Schuster (32-M.Williams) [99-O.Oweh].,FALSE,KC,BLT,PASS,00-0033873,00-0033857,,2,BAL 13,3,9,87,5,0,0,0,1,0,0,0,1,M,1,6,0,0,1,1,0,0,0,0,0,4,0,0,,M-SNH,1,1,0,0,0,0,0,0,1,0,0,2.3,0,NA,13,NA,NA,TCV,U,CC,4 - Deep Out,1,,,,,,,,,,,,,,,,,,,,,00-0033894,,2M,0,0,,,,,,
6449,1058035,"(13:40) 7-H.Butker 32 yard field goal is GOOD, Center-41-J.Winchester, Holder-14-M.Araiza.",FALSE,KC,BLT,FGXP,,,,2,BAL 13,4,9,87,5,0,1,0,0,0,0,0,0,,0,0,0,0,0,0,0,0,0,0,0,0,0,0,,,0,0,0,0,0,0,0,0,0,0,0,NA,0,NA,NA,NA,NA,,,,,,,,,,,,,,,,,,,,,,,,,,,,,0,,,,,,,
6449,1058036,"7-H.Butker kicks 65 yards from KC 35 to end zone, Touchback to the BLT 30.",FALSE,BLT,KC,KOFF,,,,2,KC 35,0,0,65,4,0,1,0,0,0,0,0,0,,0,0,0,0,0,0,0,0,0,0,0,0,0,0,,,0,0,0,0,0,0,0,0,0,0,0,NA,0,NA,NA,NA,NA,,,,,,,,,,,,,,,,,,,,,,,,,,,,,0,,,,,,,
6449,1058037,(13:37) (Shotgun) 8-L.Jackson pass short left to 4-Z.Flowers to BLT 37 for 7 yards (27-C.Conner).,FALSE,BLT,KC,PASS,00-0034796,00-0039064,,2,BAL 30,1,10,30,2,7,1,0,1,0,1,0,1,R,1,5,1,0,0,0,0,0,0,0,0,4,0,0,,Z-UND,0,1,0,0,0,0,0,0,0,1,0,1.3,0,NA,-3,10,2,WO,S,,0 - Screen,DES,,,,,,,,,,,,,,,,,,,,,00-0036621,,2M,0,5+,,,,,,
6449,1058038,(12:59) (Shotgun) 22-D.Henry left guard to BLT 43 for 6 yards (23-D.Tranquill).,FALSE,BLT,KC,RUSH,,,00-0032764,2,BAL 37,2,3,37,2,6,1,1,1,0,0,0,0,,0,0,0,0,0,0,0,0,0,0,0,0,0,0,,,0,0,0,0,0,0,0,0,0,0,0,NA,0,NA,NA,NA,NA,,,,,,Power,Split,,,,,,,,,,,,,,,,,,,,,,0,,,,,,,
6449,1058039,(12:17) 8-L.Jackson pass short right to 80-I.Likely to BLT 48 for 5 yards (27-C.Conner).,FALSE,BLT,KC,PASS,00-0034796,00-0037838,,2,BAL 43,1,10,43,3,5,1,0,0,0,1,0,1,L,1,7,1,0,1,0,1,0,0,0,0,4,0,0,,Z-UND,0,1,0,0,0,0,0,0,0,0,0,2.8,0,2.5,-2,7,1,WO,U,,2 - Quick Out,CHK,,,P,00-0037192,00-0037838,U,00-0032762,,,,,,,,,,,,,,00-0036621,,2,0,5+,,,,,,
6449,1058040,"(11:36) (Shotgun) 8-L.Jackson pass short left to 4-Z.Flowers to KC 48 for 4 yards (98-T.Wharton; 22-T.McDuffie).PENALTY on BLT-7-R.Bateman, Offensive Pass Interference, 10 yards, enforced at BLT 48 - No Play.",TRUE,BLT,KC,NOPL,00-0034796,,,2,BAL 48,2,5,48,3,0,0,0,1,0,0,0,0,R,1,5,0,0,0,0,0,0,0,0,0,3,0,0,,Z-UND,0,1,0,0,0,0,0,0,0,1,0,1.2,0,NA,0,NA,1,WO,S,,0 - Screen,DES,,,,,,,,,,,,,,,,,,,,,00-0039006,,2,0,5+,,,,,,
6449,1058041,"(11:13) (Shotgun) 8-L.Jackson right guard to BLT 43 for 5 yards (20-J.Reid, 23-D.Tranquill).",FALSE,BLT,KC,RUSH,,,00-0034796,2,BAL 38,2,15,38,2,5,0,0,1,0,0,0,0,,0,0,0,0,0,0,0,1,0,0,0,0,0,0,,,0,0,0,0,0,0,0,0,0,0,0,NA,0,NA,NA,NA,NA,,,,,,Draw,QB Run,,,,,,,,,,,,,,,,,,,,,,0,,,,,,,
6449,1058042,(10:28) (Shotgun) 8-L.Jackson scrambles right end pushed ob at 50 for 7 yards (35-Ja.Watson; 32-N.Bolton).,FALSE,BLT,KC,RUSH,,,00-0034796,2,BAL 43,3,10,43,3,7,0,0,1,0,0,0,1,R,0,4,0,0,0,0,0,0,0,1,0,4,0,1,BL,,0,0,0,0,0,0,0,0,0,0,0,NA,0,NA,NA,NA,NA,,S,,,,,,,,,,,,,,,,,,,,,,,,,,6,0,,,,,,,
6449,1058043,(9:45) (Shotgun) 8-L.Jackson pass short right to 4-Z.Flowers to KC 49 for 1 yard (22-T.McDuffie).,FALSE,BLT,KC,PASS,00-0034796,00-0039064,,2,MID 50,4,3,50,3,1,0,0,1,0,1,0,1,R,0,7,0,0,0,0,0,0,0,0,0,4,0,0,,Z-UND,0,1,0,0,0,0,0,0,1,0,0,1.3,0,NA,-1,2,2,OPN,S,,2 - Quick Out,1,,,,,,,,,,,,,,,,,,,,,00-0037191,,3,0,2,,,,,,
6449,1058044,(9:39) 10-I.Pacheco right tackle to BLT 49 for 2 yards (58-M.Pierce; 23-T.Simpson).,FALSE,KC,BLT,RUSH,,,00-0037197,2,KC 49,1,10,49,3,2,0,0,0,0,0,0,0,,0,0,0,0,0,0,0,0,0,0,0,0,0,0,,,0,0,0,0,0,0,0,0,0,0,0,NA,0,NA,NA,NA,NA,,,,,,Outside Zone,Misdirection,,,,,,,,,,,,,,,,,,,,,,0,,,,,,,
6449,1058045,(9:02) (Shotgun) 15-P.Mahomes pass short left to 87-T.Kelce to BLT 48 for 1 yard (44-M.Humphrey).,FALSE,KC,BLT,PASS,00-0033873,00-0030506,,2,BAL 49,2,8,51,3,1,0,0,1,0,1,0,1,R,1,5,1,0,0,0,0,0,0,0,0,4,0,0,,Z-UND,0,1,0,0,0,0,0,0,1,0,0,1.3,0,NA,-1,2,2,OPN,S,,2 - Quick Out,1,,,,,,,,,,,,,,,,,,,,,00-0033281,,3,0,2,,,,,,
6449,1058046,"(8:20) (Shotgun) PENALTY on KC-74-J.Taylor, False Start, 5 yards, enforced at BLT 48 - No Play.",TRUE,KC,BLT,NOPL,,,,2,BAL 48,3,7,52,3,0,0,0,1,0,0,0,0,,0,0,0,0,0,0,0,0,0,0,0,0,0,0,,,0,0,0,0,0,0,0,0,0,0,0,NA,0,NA,NA,NA,NA,,,,,,,,,,,,,,,,,,,,,,,,,,,,,0,,,,,,,
6449,1058047,(8:05) (Shotgun) 15-P.Mahomes pass deep right to 87-T.Kelce to BLT 30 for 23 yards (21-B.Stephens).,FALSE,KC,BLT,PASS,00-0033873,00-0030506,,2,KC 47,3,12,47,3,23,1,1,1,0,1,0,1,L,1,5,0,0,1,0,1,0,0,0,0,4,0,1,P,M-SNH,0,1,0,0,0,0,0,1,0,0,0,6.4,0,3.5,20,3,3,OPN,S,,4 - Deep Out,SD,,,P,00-0036081,00-0036660,P,00-0036940,00-0035237,,,,,,,,,,,,,00-0036987,,1,0,2,,,,,,
6449,1058048,(7:15) (Shotgun) 15-P.Mahomes pass short right to 1-X.Worthy to BLT 18 for 12 yards (21-B.Stephens).,FALSE,KC,BLT,PASS,00-0033873,00-0039894,,2,BAL 30,1,10,70,4,12,1,1,1,0,1,0,1,R,0,5,0,0,0,0,0,0,0,0,0,5,1,0,,M-SNH,0,1,0,0,0,0,0,0,1,0,0,2.4,0,NA,3,9,1,OPN,S,,8 - Shallow Cross/Drag,1,,,,,,,,,,,,,,,,,,,,,00-0036987,,1,0,2,,,,,,
6449,1058049,(6:35) (Shotgun) 10-I.Pacheco left guard to BLT 13 for 5 yards (0-R.Smith).,FALSE,KC,BLT,RUSH,,,00-0037197,2,BAL 18,1,10,82,5,5,1,0,1,0,0,0,0,,0,0,0,0,0,0,0,0,0,0,0,0,0,0,,,0,0,0,0,0,0,0,0,0,0,0,NA,0,NA,NA,NA,NA,,,,,,Power,Lead,,,,,,,,,,00-0031360,LOS,GB,,,,,,,,,,0,,,,,,,
6449,1058050,(5:56) (Shotgun) 15-P.Mahomes pass incomplete short middle to 87-T.Kelce.,FALSE,KC,BLT,PASS,00-0033873,00-0030506,,2,BAL 13,2,5,87,5,0,0,0,1,0,0,0,1,M,1,6,0,0,0,0,0,0,0,0,0,4,0,0,,Z-HIZ,0,1,0,0,0,0,1,0,1,0,0,2.3,0,NA,3,NA,NA,OPN,S,DP,8 - Shallow Cross/Drag,1,,,,,,,,,,,,,,,,,,,,,00-0033281,,2,0,1,,,,,,
6449,1058051,(5:53) (Shotgun) 15-P.Mahomes pass incomplete short right to 1-X.Worthy (29-A.Washington) [92-N.Madubuike].,FALSE,KC,BLT,PASS,00-0033873,00-0039894,,2,BAL 13,3,5,87,5,0,0,0,1,0,0,0,1,M,1,5,0,0,1,1,0,0,0,0,0,4,0,0,,M-SNH,0,1,0,0,0,1,0,0,1,0,0,2.6,0,1.9,13,NA,NA,TCV,S,CC,6 - Corner,1,,,P,00-0036130,00-0036660,P,00-0031360,00-0035237,,,,,,,,,,,,,00-0036587,,1,0,0,,,,,,
6449,1058052,"(5:47) 7-H.Butker 31 yard field goal is GOOD, Center-41-J.Winchester, Holder-14-M.Araiza.",FALSE,KC,BLT,FGXP,,,,2,BAL 13,4,5,87,5,0,1,0,0,0,0,0,0,,0,0,0,0,0,0,0,0,0,0,0,0,0,0,,,0,0,0,0,0,0,0,0,0,0,0,NA,0,NA,NA,NA,NA,,,,,,,,,,,,,,,,,,,,,,,,,,,,,0,,,,,,,
6449,1058053,"7-H.Butker kicks 65 yards from KC 35 to end zone, Touchback to the BLT 30.",FALSE,BLT,KC,KOFF,,,,2,KC 35,0,0,65,4,0,1,0,0,0,0,0,0,,0,0,0,0,0,0,0,0,0,0,0,0,0,0,,,0,0,0,0,0,0,0,0,0,0,0,NA,0,NA,NA,NA,NA,,,,,,,,,,,,,,,,,,,,,,,,,,,,,0,,,,,,,
6449,1058054,"(5:44) (Shotgun) 8-L.Jackson pass incomplete short middle to 4-Z.Flowers.PENALTY on KC-23-D.Tranquill, Defensive Pass Interference, 5 yards, enforced at BLT 30 - No Play.",TRUE,BLT,KC,NOPL,00-0034796,,,2,BAL 30,1,10,30,2,0,1,1,1,0,0,0,0,L,0,4,0,0,1,0,1,0,0,0,0,4,0,0,,M-SNH,0,0,0,0,0,0,0,0,1,0,0,2.3,0,2.1,0,NA,NA,TCV,S,PEN,1 - Slant,1,,,P,00-0037192,00-0035112,,,,,,,,,,,,,,,,00-0035262,,2M,0,0,,,,,,
6449,1058055,(5:40) 4-Z.Flowers right end to BLT 41 for 6 yards (56-G.Karlaftis).,FALSE,BLT,KC,RUSH,,,00-0039064,2,BAL 35,1,10,35,2,6,1,0,0,0,0,0,0,,0,0,0,0,0,0,0,0,0,0,0,0,0,0,,,0,0,0,0,0,0,0,0,0,0,0,NA,0,NA,NA,NA,NA,,,,,,Trick/WR Run,Misdirection,,,,,,,,,,00-0038982,LOS,JK,,,,,,,,,,0,,,,,,,
6449,1058056,"(5:03) 22-D.Henry right guard to 50 for 9 yards (20-J.Reid).Penalty on KC-95-C.Jones, Defensive Offside, declined.",FALSE,BLT,KC,RUSH,,,00-0032764,2,BAL 41,2,4,41,3,9,1,1,0,0,0,0,0,,0,0,0,0,0,0,0,0,0,0,0,0,0,0,,,0,0,0,0,0,0,0,0,0,0,0,NA,0,NA,NA,NA,NA,,,,,,Inside Zone,,,,,,,,,,,00-0035262,LOS,PW,,,,,,,,,,0,,,,,,,
6449,1058057,(4:36) (Shotgun) 8-L.Jackson scrambles up the middle to KC 37 for 13 yards (35-Ja.Watson).,FALSE,BLT,KC,RUSH,,,00-0034796,2,MID 50,1,10,50,3,13,1,1,1,0,0,0,1,R,1,7,1,0,0,0,0,0,0,1,0,5,1,0,,,0,0,0,0,0,0,0,0,0,0,0,NA,0,NA,NA,NA,NA,,P,,,,,,,,,,,,,,,,,,,,,,,,,,1,0,,,,,,,
6449,1058058,"(3:46) (Shotgun) PENALTY on BLT, Delay of Game, 5 yards, enforced at KC 37 - No Play.",TRUE,BLT,KC,NOPL,,,,2,KC 37,1,10,63,4,0,0,0,1,0,0,0,0,,0,0,0,0,0,0,0,0,0,0,0,0,0,0,,,0,0,0,0,0,0,0,0,0,0,0,NA,0,NA,NA,NA,NA,,,,,,,,,,,,,,,,,,,,,,,,,,,,,0,,,,,,,
6449,1058059,(3:26) (Shotgun) 8-L.Jackson right end to KC 39 for 3 yards (54-L.Chenal).,FALSE,BLT,KC,RUSH,,,00-0034796,2,KC 42,1,15,58,3,3,0,0,1,0,0,0,0,,0,0,0,0,0,0,0,1,0,0,0,0,0,0,,,0,0,0,0,0,0,0,0,0,0,0,NA,0,NA,NA,NA,NA,,,,,,Power,Pull Lead,,,,,,,,,,00-0036621,LOS,DC,,,,,,,,,,0,,,,,,,
6449,1058060,"(2:41) (Shotgun) 8-L.Jackson pass short right to 89-M.Andrews to KC 30 for 9 yards (23-D.Tranquill; 22-T.McDuffie).PENALTY on BLT-79-R.Stanley, Illegal Formation, 5 yards, enforced at KC 39 - No Play.",TRUE,BLT,KC,NOPL,00-0034796,,,2,KC 39,2,12,61,4,0,0,0,1,0,0,0,1,R,1,4,0,0,1,0,1,0,0,0,0,4,0,0,,Z-UND,0,1,0,0,0,0,0,0,0,0,0,2.9,0,2.7,0,NA,2,OPN,S,,3 - Hitch/Curl,2,,,P,00-0037819,00-0035112,,,,,,,,,,,,,,,,00-0037191,00-0035262,2,0,1,,,,,,
6449,1058061,(2:21) (Shotgun) 8-L.Jackson pass short left to 4-Z.Flowers to KC 35 for 9 yards (32-N.Bolton).,FALSE,BLT,KC,PASS,00-0034796,00-0039064,,2,KC 44,2,17,56,3,9,1,0,1,0,1,0,1,R,1,5,1,0,0,0,0,0,0,0,0,4,0,0,,M-SNH,0,1,0,0,0,0,0,0,0,1,0,1.1,0,NA,-2,11,1,OPN,S,,0 - Screen,DES,,,,,,,,,,,,,,,,,,,,,00-0038982,,2M,0,3,,,,,,
6449,1058062,(2:00) (Shotgun) 8-L.Jackson pass incomplete short right to 7-R.Bateman [56-G.Karlaftis].,FALSE,BLT,KC,PASS,00-0034796,00-0036550,,2,KC 35,3,8,65,4,0,0,0,1,0,0,0,1,L,0,6,0,0,1,1,0,0,0,0,1,4,0,1,P,M-SNH,0,0,0,0,0,0,0,0,0,0,0,3.9,0,2.6,1,NA,NA,STP,S,HAT,3 - Hitch/Curl,2,,,P,00-0035890,00-0038383,P,00-0037192,00-0035112,,,,,,,,,,,,,00-0037191,,2,0,1,,,,,,
6449,1058063,"(1:55) 9-J.Tucker 53 yard field goal is No Good, Wide Left, Center-46-N.Moore, Holder-11-J.Stout.",FALSE,BLT,KC,FGXP,,,,2,KC 35,4,8,65,4,0,0,0,0,0,0,0,0,,0,0,0,0,0,0,0,0,0,0,0,0,0,0,,,0,0,0,0,0,0,0,0,0,0,0,NA,0,NA,NA,NA,NA,,,,,,,,,,,,,,,,,,,,,,,,,,,,,0,,,,,,,
6449,1058064,(1:50) (Shotgun) 15-P.Mahomes pass short middle intended for 4-R.Rice INTERCEPTED by 0-R.Smith at BLT 49. 0-R.Smith to BLT 49 for no gain (4-R.Rice).,FALSE,KC,BLT,PASS,00-0033873,00-0039067,,2,KC 43,1,10,43,3,0,0,0,1,0,0,0,1,R,1,6,0,0,1,0,1,0,0,0,0,4,0,0,,Z-UND,0,0,0,0,0,1,0,0,0,0,0,3,0,2.8,8,NA,NA,OPN,S,IAT,5 - In/Dig,2,,,P,00-0037756,00-0036623,,,,,,,,,,,,,,,,00-0034874,,2,0,1,,,,,,
6449,1058065,(1:44) (Shotgun) 8-L.Jackson pass short left to 43-J.Hill pushed ob at KC 44 for 7 yards (6-B.Cook).,FALSE,BLT,KC,PASS,00-0034796,00-0034975,,2,BAL 49,1,10,49,3,7,1,0,1,0,1,0,1,R,0,5,0,0,0,0,0,0,0,0,0,4,0,0,,Z-UND,0,1,0,0,0,0,0,0,0,0,0,2.4,0,NA,-6,13,10,OPN,S,,10 - Swing,DES,,,,,,,,,,,,,,,,,,,,,00-0038982,,2M,0,3,,,,,,
6449,1058066,(1:36) (Shotgun) 8-L.Jackson scrambles left guard to KC 34 for 10 yards (27-C.Conner).,FALSE,BLT,KC,RUSH,,,00-0034796,2,KC 44,2,3,56,3,10,1,1,1,0,0,0,1,L,0,6,0,0,0,0,0,0,0,1,0,4,0,1,BL,,0,0,0,0,0,0,0,0,0,0,0,NA,0,NA,NA,NA,NA,,S,,,,,,,,,,,,,,,,,,,,,,,,,,1,0,,,,,,,
6449,1058067,(1:03) (Shotgun) 8-L.Jackson scrambles left end to KC 28 for 6 yards (51-M.Danna).,FALSE,BLT,KC,RUSH,,,00-0034796,2,KC 34,1,10,66,4,6,1,0,1,0,0,0,1,L,0,6,0,0,0,0,0,0,0,1,0,4,1,1,BL,,0,0,0,0,0,0,0,0,0,0,0,NA,0,NA,NA,NA,NA,,S,,,,,,,,,,,,,,,,,,,,,,,,,,2,0,,,,,,,
6449,1058068,"(:32) (No Huddle, Shotgun) 8-L.Jackson pass short right to 80-I.Likely ran ob at KC 19 for 9 yards (22-T.McDuffie; 56-G.Karlaftis).",FALSE,BLT,KC,PASS,00-0034796,00-0037838,,2,KC 28,2,4,72,4,9,1,1,1,1,1,0,1,L,0,6,0,0,0,0,0,0,0,0,0,4,1,0,,Z-UND,0,1,0,0,0,0,0,0,1,0,0,1.9,0,NA,3,6,NA,WO,S,,3 - Hitch/Curl,1,,,,,,,,,,,,,,,,,,,,,00-0037192,,3,0,5+,,,,,,
6449,1058069,Timeout #1 by BLT at 00:27.,TRUE,NA,NA,NOPL,,,,2,KC 19,0,0,0,0,0,0,0,0,0,0,0,0,,0,0,0,0,0,0,0,0,0,0,0,0,0,0,,,0,0,0,0,0,0,0,0,0,0,0,NA,0,NA,NA,NA,NA,,,,,,,,,,,,,,,,,,,,,,,,,,,,,0,,,,,,,
6449,1058070,(:27) (Shotgun) 8-L.Jackson pass short right to 80-I.Likely to KC 10 for 9 yards (23-D.Tranquill).,FALSE,BLT,KC,PASS,00-0034796,00-0037838,,2,KC 19,1,10,81,5,9,1,0,1,0,1,0,1,R,0,7,0,0,0,0,0,0,0,0,0,4,0,0,,Z-UND,0,1,0,0,0,0,0,0,0,0,0,2.5,0,NA,3,6,3,OPN,S,,2 - Quick Out,2,,,,,,,,,,,,,,,,,,,,,00-0035262,,2,0,2,,,,,,
6449,1058071,Timeout #2 by BLT at 00:21.,TRUE,NA,NA,NOPL,,,,2,KC 10,0,0,0,0,0,0,0,0,0,0,0,0,,0,0,0,0,0,0,0,0,0,0,0,0,0,0,,,0,0,0,0,0,0,0,0,0,0,0,NA,0,NA,NA,NA,NA,,,,,,,,,,,,,,,,,,,,,,,,,,,,,0,,,,,,,
6449,1058072,(:21) (Shotgun) 8-L.Jackson pass incomplete short right to 4-Z.Flowers.,FALSE,BLT,KC,PASS,00-0034796,00-0039064,,2,KC 10,2,1,90,5,0,0,0,1,0,0,0,1,R,0,5,0,0,0,0,0,0,0,0,1,4,0,1,BL,M-SNH,0,0,0,0,0,0,0,0,1,0,0,3.3,0,NA,4,NA,NA,TCV,S,HAT,8 - Shallow Cross/Drag,1,,,,,,,,,,,,,,,,,,,,,00-0037191,,2,0,0,,,,,,
6449,1058073,(:18) 43-J.Hill right end to KC 7 for 3 yards (32-N.Bolton; 54-L.Chenal).,FALSE,BLT,KC,RUSH,,,00-0034975,2,KC 10,3,1,90,5,3,1,1,0,0,0,0,0,,0,0,0,0,0,0,0,0,0,0,0,0,0,0,,,0,0,0,0,0,0,0,0,0,0,0,NA,0,NA,NA,NA,NA,,,,,,Outside Zone,Pull Lead,,,,,,,,,,,,,,,,,,,,,,0,,,,,,,
6449,1058074,Timeout #3 by BLT at 00:13.,TRUE,NA,NA,NOPL,,,,2,KC 7,0,0,0,0,0,0,0,0,0,0,0,0,,0,0,0,0,0,0,0,0,0,0,0,0,0,0,,,0,0,0,0,0,0,0,0,0,0,0,NA,0,NA,NA,NA,NA,,,,,,,,,,,,,,,,,,,,,,,,,,,,,0,,,,,,,
6449,1058075,(:13) (Shotgun) 8-L.Jackson pass incomplete short left to 43-J.Hill (54-L.Chenal).,FALSE,BLT,KC,PASS,00-0034796,00-0034975,,2,KC 7,1,7,93,5,0,0,0,1,0,0,0,1,R,0,5,0,0,0,0,0,0,0,0,0,4,0,0,,M-SNH,0,0,0,0,0,0,0,0,0,0,0,3,0,NA,-2,NA,NA,OPN,S,BPA,2 - Quick Out,CHK,,,,,,,,,,,,,,,,,,,,,00-0037819,00-0035262,1,0,1,,,,,,
6449,1058076,Timeout #2 by KC at 00:09.,TRUE,NA,NA,NOPL,,,,2,KC 7,0,0,0,0,0,0,0,0,0,0,0,0,,0,0,0,0,0,0,0,0,0,0,0,0,0,0,,,0,0,0,0,0,0,0,0,0,0,0,NA,0,NA,NA,NA,NA,,,,,,,,,,,,,,,,,,,,,,,,,,,,,0,,,,,,,
6449,1058077,(:09) (Shotgun) 8-L.Jackson pass incomplete short right to 43-J.Hill.,FALSE,BLT,KC,PASS,00-0034796,00-0034975,,2,KC 7,2,7,93,5,0,0,0,1,0,0,0,1,R,1,6,0,0,1,0,1,0,0,0,1,3,0,0,,M-SNH,0,0,0,0,0,0,0,0,0,0,0,3,0,2.1,-3,NA,NA,TCV,S,HAT,2 - Quick Out,CHK,,,P,00-0035890,00-0037825,,,,,,,,,,,,,,,,00-0035262,,C,0,0,,,,,,
6449,1058078,"(:05) 9-J.Tucker 25 yard field goal is GOOD, Center-46-N.Moore, Holder-11-J.Stout.",FALSE,BLT,KC,FGXP,,,,2,KC 7,3,7,93,5,0,1,0,0,0,0,0,0,,0,0,0,0,0,0,0,0,0,0,0,0,0,0,,,0,0,0,0,0,0,0,0,0,0,0,NA,0,NA,NA,NA,NA,,,,,,,,,,,,,,,,,,,,,,,,,,,,,0,,,,,,,
6449,1058079,"9-J.Tucker kicks 65 yards from BLT 35 to end zone, Touchback to the KC 30.",FALSE,KC,BLT,KOFF,,,,2,BAL 35,0,0,65,4,0,0,0,0,0,0,0,0,,0,0,0,0,0,0,0,0,0,0,0,0,0,0,,,0,0,0,0,0,0,0,0,0,0,0,NA,0,NA,NA,NA,NA,,,,,,,,,,,,,,,,,,,,,,,,,,,,,0,,,,,,,
6449,1058080,(:03) 15-P.Mahomes kneels to KC 29 for -1 yards.,FALSE,KC,BLT,RUSH,,,00-0033873,2,KC 30,1,10,30,2,-1,0,0,0,0,0,0,0,,0,0,0,0,0,0,0,0,0,0,0,0,0,0,,,0,0,0,0,0,0,0,0,0,0,0,NA,0,NA,NA,NA,NA,,,,,,Kneel,,,,,,,,,,,,,,,,,,,,,,,0,,,,,,,
6449,1058081,"9-J.Tucker kicks 65 yards from BLT 35 to KC 0. 17-M.Hardman to KC 31 for 31 yards (51-J.Ross).PENALTY on KC-43-J.Cochrane, Offensive Holding, 10 yards, enforced at KC 29.",FALSE,KC,BLT,KOFF,,,,3,BAL 35,0,0,65,4,0,0,0,0,0,0,0,0,,0,0,0,0,0,0,0,0,0,0,0,0,0,0,,,0,0,0,0,0,0,0,0,0,0,0,NA,0,NA,NA,NA,NA,,,,,,,,,,,,,,,,,,,,,,,,,,,,,0,,,,,,,
6449,1058082,(14:54) (Shotgun) 10-I.Pacheco right end to KC 24 for 5 yards (53-K.Van Noy).,FALSE,KC,BLT,RUSH,,,00-0037197,3,KC 19,1,10,19,1,5,0,0,1,0,0,0,0,,0,0,0,0,0,0,0,0,0,0,0,0,0,0,,,0,0,0,0,0,0,0,0,0,0,0,NA,0,NA,NA,NA,NA,,,,,,Power,Lead,,,,,,,,,,,,,,,,,,,,,,0,,,,,,,
6449,1058083,"(14:13) (Shotgun) 15-P.Mahomes pass short middle to 4-R.Rice to BLT 43 for 33 yards (5-J.Armour-Davis, 32-M.Williams).",FALSE,KC,BLT,PASS,00-0033873,00-0039067,,3,KC 24,2,5,24,2,33,1,1,1,0,1,0,1,R,0,6,0,0,0,0,0,0,0,0,0,4,0,0,,Z-HIZ,0,1,0,0,0,0,0,0,1,0,0,2.6,0,NA,13,20,20,OPN,S,,1 - Slant,1,,,,,,,,,,,,,,,,,,,,,00-0038038,,3,0,2,,,,,,
6449,1058084,Timeout #1 by BLT at 13:30.,TRUE,NA,NA,NOPL,,,,3,BAL 43,0,0,0,0,0,0,0,0,0,0,0,0,,0,0,0,0,0,0,0,0,0,0,0,0,0,0,,,0,0,0,0,0,0,0,0,0,0,0,NA,0,NA,NA,NA,NA,,,,,,,,,,,,,,,,,,,,,,,,,,,,,0,,,,,,,
6449,1058085,(13:30) (Shotgun) 15-P.Mahomes pass short middle to 84-Ju.Watson to BLT 18 for 25 yards (23-T.Simpson).,FALSE,KC,BLT,PASS,00-0033873,00-0034386,,3,BAL 43,1,10,57,3,25,1,1,1,0,1,0,2,R,0,7,1,0,1,0,1,0,0,0,0,4,0,1,P,Z-HIZ,0,1,0,0,0,0,0,0,0,0,0,3.7,0,2.2,15,10,2,OPN,P,,5 - In/Dig,SD,,,U,00-0036081,,,,,,,,,,,,,,,,,00-0038504,,2,0,2,,,,,,
6449,1058086,"(12:45) (Shotgun) 10-I.Pacheco left guard to BLT 9 for 9 yards (32-M.Williams).PENALTY on KC-76-K.Suamataia, Offensive Holding, 10 yards, enforced at BLT 18 - No Play.",TRUE,KC,BLT,NOPL,,,00-0037197,3,BAL 18,1,10,82,5,0,0,0,1,0,0,0,0,,0,0,0,0,0,0,0,0,0,0,0,0,0,0,,,0,0,0,0,0,0,0,0,0,0,0,NA,0,NA,NA,NA,NA,,,,,,Counter,Lead,,,,,,,,,,,,,,,,,,,,,,0,,,,,,,
6449,1058087,(12:27) (Shotgun) 15-P.Mahomes pass incomplete short middle to 4-R.Rice (23-T.Simpson).,FALSE,KC,BLT,PASS,00-0033873,00-0039067,,3,BAL 28,1,20,72,4,0,0,0,1,0,0,0,0,R,1,4,0,0,0,0,0,0,0,0,0,4,0,0,,M-SNH,0,0,0,0,0,0,0,0,1,0,0,1.8,0,NA,10,NA,NA,TCV,S,CC,1 - Slant,1,,,,,,,,,,,,,,,,,,,,,00-0038504,,2M,0,0,,,,,,
6449,1058088,"(12:23) (Shotgun) 15-P.Mahomes pass incomplete short left to 9-J.Smith-Schuster. BLT-53-K.Van Noy was injured during the play. PENALTY on BLT-92-N.Madubuike, Roughing the Passer, 14 yards, enforced at BLT 28 - No Play.",TRUE,KC,BLT,NOPL,00-0033873,,,3,BAL 28,2,20,72,4,0,1,1,1,0,0,0,1,R,1,6,0,0,1,0,1,0,0,0,0,4,0,0,,M-SNH,0,0,0,0,0,0,0,0,1,0,0,2.8,0,2.5,0,NA,NA,TCV,S,CC,5 - In/Dig,1,,,U,00-0036130,,P,00-0031360,00-0039844,,,,,,,,,,,,,00-0038504,,1,0,0,,,,,,
6449,1058089,"(12:19) (Shotgun) 15-P.Mahomes pass short right to 83-N.Gray to BLT 1 for 13 yards (32-M.Williams, 44-M.Humphrey).",FALSE,KC,BLT,PASS,00-0033873,00-0036637,,3,BAL 14,1,10,86,5,13,1,1,1,0,1,0,0,R,1,5,0,0,0,0,0,0,0,0,0,4,0,0,,Z-UND,0,1,0,0,0,0,0,0,0,1,0,1.9,0,NA,-2,15,3,OPN,S,,0 - Screen,DES,,,,,,,,,,,,,,,,,,,,,00-0038038,,1,0,3,,,,,,
6449,1058090,"(11:38) (Shotgun) 10-I.Pacheco right guard for 1 yard, TOUCHDOWN.",FALSE,KC,BLT,RUSH,,,00-0037197,3,BAL 1,1,1,99,5,1,1,1,1,0,0,0,0,,0,0,0,0,0,0,0,0,0,0,0,0,0,0,,,0,0,0,0,0,0,0,0,0,0,0,NA,0,NA,NA,NA,NA,,,,,,Power,Lead,,,,,,,,,,,,,,,,,,,,,,0,,,,,,,
6449,1058091,"7-H.Butker extra point is GOOD, Center-41-J.Winchester, Holder-14-M.Araiza.",FALSE,KC,BLT,FGXP,,,,3,BAL 15,0,0,85,5,0,1,0,0,0,0,0,0,,0,0,0,0,0,0,0,0,0,0,0,0,0,0,,,0,0,0,0,0,0,0,0,0,0,0,NA,0,NA,NA,NA,NA,,,,,,,,,,,,,,,,,,,,,,,,,,,,,0,,,,,,,
6449,1058092,"7-H.Butker kicks 65 yards from KC 35 to end zone, Touchback to the BLT 30.",FALSE,BLT,KC,KOFF,,,,3,KC 35,0,0,65,4,0,1,0,0,0,0,0,0,,0,0,0,0,0,0,0,0,0,0,0,0,0,0,,,0,0,0,0,0,0,0,0,0,0,0,NA,0,NA,NA,NA,NA,,,,,,,,,,,,,,,,,,,,,,,,,,,,,0,,,,,,,
6449,1058093,(11:28) (Shotgun) 8-L.Jackson pass incomplete short right to 4-Z.Flowers.,FALSE,BLT,KC,PASS,00-0034796,00-0039064,,3,BAL 30,1,10,30,2,0,0,0,1,0,0,0,1,L,0,5,1,0,0,0,0,0,0,0,0,4,0,0,,M-SNH,0,1,0,0,0,0,0,0,0,1,0,1.4,0,NA,-2,NA,NA,OPN,S,IAT,0 - Screen,DES,,,,,,,,,,,,,,,,,,,,,,,1,0,1,,,,,,
6449,1058094,(11:24) 8-L.Jackson pass short left to 4-Z.Flowers to BLT 28 for -2 yards (97-F.Anudike-Uzomah).,FALSE,BLT,KC,PASS,00-0034796,00-0039064,,3,BAL 30,2,10,30,2,-2,0,0,0,0,1,0,2,L,1,7,1,0,0,0,0,0,0,0,0,4,0,0,,Z-UND,0,1,0,0,0,0,0,0,0,1,0,2.4,0,NA,-6,4,0,OPN,U,,0 - Screen,DES,,,,,,,,,,,,,,,,,,,,,00-0035262,,2,0,1,,,,,,
6449,1058095,(10:45) (Shotgun) 8-L.Jackson pass short left to 43-J.Hill ran ob at BLT 45 for 17 yards (2-J.Williams).,FALSE,BLT,KC,PASS,00-0034796,00-0034975,,3,BAL 28,3,12,28,2,17,1,1,1,0,1,0,1,L,0,5,0,0,0,0,0,0,0,0,0,4,0,0,,M-SNH,0,1,0,0,0,0,0,0,0,0,0,2.5,0,NA,3,14,NA,WO,S,,2 - Quick Out,2,,,,,,,,,,,,,,,,,,,,,00-0036621,,2,0,5+,,,,,,
6449,1058096,(10:03) (Shotgun) 8-L.Jackson pass short left to 89-M.Andrews to KC 44 for 11 yards (20-J.Reid).,FALSE,BLT,KC,PASS,00-0034796,00-0034753,,3,BAL 45,1,10,45,3,11,1,1,1,0,1,0,1,L,1,6,0,0,0,0,0,0,0,0,0,5,1,0,,M-SNH,0,1,0,0,0,0,0,0,1,0,0,2.7,0,NA,8,3,2,OPN,S,,8 - Shallow Cross/Drag,1,,,,,,,,,,,,,,,,,,,,,00-0034361,,1,0,1,,,,,,
6449,1058097,"(9:24) 22-D.Henry right guard to KC 45 for -1 yards (54-L.Chenal, 32-N.Bolton).",FALSE,BLT,KC,RUSH,,,00-0032764,3,KC 44,1,10,56,3,-1,0,0,0,0,0,0,0,,0,0,0,0,0,0,0,0,0,0,0,0,0,0,,,0,0,0,0,0,0,0,0,0,0,0,NA,0,NA,NA,NA,NA,,,,,,Inside Zone,,,,,,,,,,,,,,,,,,,,,,,0,,,,,,,
6449,1058098,(8:43) (Shotgun) 8-L.Jackson pass incomplete deep middle to 80-I.Likely.,FALSE,BLT,KC,PASS,00-0034796,00-0037838,,3,KC 45,2,11,55,3,0,0,0,1,0,0,0,1,M,0,4,0,0,0,0,0,0,0,0,0,5,1,0,,M-SNH,0,0,0,0,0,1,0,0,1,0,0,3.1,0,NA,38,NA,NA,TCV,S,CC,7 - Post,1,,,,,,,,,,,,,,,,,,,,,00-0038982,,3,0,0,,,,,,
6449,1058099,(8:37) (Shotgun) 8-L.Jackson pass incomplete deep right to 4-Z.Flowers (35-Ja.Watson).,FALSE,BLT,KC,PASS,00-0034796,00-0039064,,3,KC 45,3,11,55,3,0,0,0,1,0,0,0,1,M,0,6,0,0,0,0,0,0,0,0,0,4,1,1,BL,M-SNH,0,0,0,0,0,0,0,0,1,0,0,2.9,0,NA,33,NA,NA,TCV,S,CC,9 - Go,1,,,,,,,,,,,,,,,,,,,,,,,1,0,0,,,,,,
6449,1058100,"(8:31) 11-J.Stout punts 35 yards to KC 10, Center-46-N.Moore, fair catch by 17-M.Hardman.",FALSE,BLT,KC,PUNT,,,,3,KC 45,4,11,55,3,0,1,0,0,0,0,0,0,,0,0,0,0,0,0,0,0,0,0,0,0,0,0,,,0,0,0,0,0,0,0,0,0,0,0,NA,0,NA,NA,NA,NA,,,,,,,,,,,,,,,,,,,,,,,,,,,,,0,,,,,,,
6449,1058101,(8:24) (Shotgun) 10-I.Pacheco left end pushed ob at KC 15 for 5 yards (23-T.Simpson).,FALSE,KC,BLT,RUSH,,,00-0037197,3,KC 10,1,10,10,1,5,0,0,1,0,0,0,0,,0,0,0,0,0,0,0,0,0,0,0,0,0,0,,,0,0,0,0,0,0,0,0,0,0,0,NA,0,NA,NA,NA,NA,,,,,,Outside Zone,,,,,,,,,,,,,,,,,,,,,,,0,,,,,,,
6449,1058102,(7:50) (Shotgun) 10-I.Pacheco right tackle to KC 17 for 2 yards (0-R.Smith).,FALSE,KC,BLT,RUSH,,,00-0037197,3,KC 15,2,5,15,1,2,0,0,1,0,0,0,0,,0,0,0,0,0,0,0,0,0,0,0,0,0,0,,,0,0,0,0,0,0,0,0,0,0,0,NA,0,NA,NA,NA,NA,,,,,,Outside Zone,,,,,,,,,,,,,,,,,,,,,,,0,,,,,,,
6449,1058103,(7:08) (Shotgun) 15-P.Mahomes pass short right to 87-T.Kelce to KC 27 for 10 yards (14-K.Hamilton).,FALSE,KC,BLT,PASS,00-0033873,00-0030506,,3,KC 17,3,3,17,1,10,1,1,1,0,1,0,1,R,1,5,0,0,0,0,0,0,0,0,0,3,0,0,,M-SNH,0,1,0,0,0,0,0,0,1,0,0,2.5,0,NA,5,5,2,OPN,S,,2 - Quick Out,1,,,,,,,,,,,,,,,,,,,,,00-0038038,,2,0,2,,,,,,
6449,1058104,Timeout #2 by BLT at 06:29.,TRUE,NA,NA,NOPL,,,,3,KC 27,0,0,0,0,0,0,0,0,0,0,0,0,,0,0,0,0,0,0,0,0,0,0,0,0,0,0,,,0,0,0,0,0,0,0,0,0,0,0,NA,0,NA,NA,NA,NA,,,,,,,,,,,,,,,,,,,,,,,,,,,,,0,,,,,,,
6449,1058105,(6:29) (Shotgun) 15-P.Mahomes pass short middle to 4-R.Rice to KC 42 for 15 yards (32-M.Williams).,FALSE,KC,BLT,PASS,00-0033873,00-0039067,,3,KC 27,1,10,27,2,15,1,1,1,0,1,0,0,R,0,4,0,0,0,0,0,0,0,0,0,4,0,0,,Z-HIZ,0,1,0,0,0,0,0,0,1,0,0,2,0,NA,4,11,0,STP,S,,1 - Slant,1,,,,,,,,,,,,,,,,,,,,,00-0036280,,2M,0,1,,,,,,
6449,1058106,(5:53) (Shotgun) 10-I.Pacheco left guard to KC 45 for 3 yards (40-M.Harrison).,FALSE,KC,BLT,RUSH,,,00-0037197,3,KC 42,1,10,42,3,3,0,0,1,0,0,0,0,,0,0,0,0,0,0,0,0,0,0,0,0,0,0,,,0,0,0,0,0,0,0,0,0,0,0,NA,0,NA,NA,NA,NA,,,,,,Power,,,,,,,,,,,,,,,,,,,,,,,0,,,,,,,
6449,1058107,(5:18) (Shotgun) 15-P.Mahomes pass short right to 34-S.Perine to BLT 45 for 10 yards (98-T.Jones).,FALSE,KC,BLT,PASS,00-0033873,00-0033526,,3,KC 45,2,7,45,3,10,1,1,1,0,1,0,1,L,1,6,0,0,0,0,0,0,0,0,0,4,0,0,,Z-UND,0,1,0,0,0,0,0,0,0,1,0,2.1,0,NA,-3,13,4,OPN,S,,0 - Screen,DES,,,,,,,,,,,,,,,,,,,,,00-0034874,,2M,0,3,,,,,,
6449,1058108,"(4:38) 42-C.Steele left guard to BLT 40 for 5 yards (58-M.Pierce, 40-M.Harrison).",FALSE,KC,BLT,RUSH,,,00-0039325,3,BAL 45,1,10,55,3,5,0,0,0,0,0,0,0,,0,0,0,0,0,0,0,0,0,0,0,0,0,0,,,0,0,0,0,0,0,0,0,0,0,0,NA,0,NA,NA,NA,NA,,,,,,Man/Duo,,,,,,,,,,,,,,,,,,,,,,,0,,,,,,,
6449,1058109,(3:56) (Shotgun) 15-P.Mahomes pass incomplete short right.,FALSE,KC,BLT,PASS,00-0033873,,,3,BAL 40,2,5,60,4,0,0,0,1,0,0,0,0,M,0,6,0,0,1,0,1,0,0,0,0,4,0,1,P,Z-UND,0,0,1,0,0,0,0,0,0,0,0,4.9,0,2.3,5,NA,NA,TCV,S,TA,2 - Quick Out,SD,,,P,00-0032574,00-0036660,,,,,,,,,,,,,,,,00-0033784,,3,0,0,,,,,,
6449,1058110,(3:50) (Shotgun) 15-P.Mahomes pass incomplete short left to 34-S.Perine.,FALSE,KC,BLT,PASS,00-0033873,00-0033526,,3,BAL 40,3,5,60,4,0,0,0,1,0,0,0,1,M,1,5,0,0,1,0,1,0,0,0,0,4,2,0,,Z-UND,0,0,0,0,0,0,0,0,0,0,0,1.4,0,1.2,-1,NA,NA,WO,S,IAT,10 - Swing,CHK,,,U,00-0033281,,,,,,,,,,,,,,,,,00-0032574,,0,0,5+,,,,,,
6449,1058111,"(3:46) 14-M.Araiza punts 40 yards to end zone, Center-41-J.Winchester, Touchback.",FALSE,KC,BLT,PUNT,,,,3,BAL 40,4,5,60,4,0,0,0,0,0,0,0,0,,0,0,0,0,0,0,0,0,0,0,0,0,0,0,,,0,0,0,0,0,0,0,0,0,0,0,NA,0,NA,NA,NA,NA,,,,,,,,,,,,,,,,,,,,,,,,,,,,,0,,,,,,,
6449,1058112,(3:37) (Shotgun) 8-L.Jackson pass incomplete short left to 22-D.Henry.,FALSE,BLT,KC,PASS,00-0034796,00-0032764,,3,BAL 20,1,10,20,2,0,0,0,1,0,0,0,1,R,1,5,0,0,0,0,0,0,0,0,0,4,0,0,,Z-UND,0,0,0,0,0,0,0,0,0,0,0,2.6,0,NA,-4,NA,NA,OPN,S,IAT,10 - Swing,CHK,,,,,,,,,,,,,,,,,,,,,00-0037191,,2,0,3,,,,,,
6449,1058113,"(3:33) 8-L.Jackson pass short right to 7-R.Bateman to BLT 35 for 15 yards (20-J.Reid, 35-Ja.Watson).",FALSE,BLT,KC,PASS,00-0034796,00-0036550,,3,BAL 20,2,10,20,2,15,1,1,0,0,1,0,1,R,0,7,1,0,0,0,0,0,0,0,0,4,0,0,,Z-HIZ,0,1,0,0,0,0,0,0,1,0,0,3.6,0,NA,12,3,1,OPN,U,,5 - In/Dig,1,,,,,,,,,,,,,,,,,,,,,00-0037195,00-0034361,4,0,2,,,,,,
6449,1058114,(2:56) (Shotgun) 22-D.Henry right guard to BLT 41 for 6 yards (51-M.Danna).,FALSE,BLT,KC,RUSH,,,00-0032764,3,BAL 35,1,10,35,2,6,1,0,1,0,0,0,0,,0,0,0,0,0,0,0,0,0,0,0,0,0,0,,,0,0,0,0,0,0,0,0,0,0,0,NA,0,NA,NA,NA,NA,,,,,,Power,Lead,,,,,,,,,,,,,,,,,,,,,,0,,,,,,,
6449,1058115,(2:16) 22-D.Henry right end to BLT 42 for 1 yard (98-T.Wharton).,FALSE,BLT,KC,RUSH,,,00-0032764,3,BAL 41,2,4,41,3,1,0,0,0,0,0,0,0,,0,0,0,0,0,0,0,0,0,0,0,0,0,0,,,0,0,0,0,0,0,0,0,0,0,0,NA,0,NA,NA,NA,NA,,,,,,Outside Zone,,,,,,,,,,,,,,,,,,,,,,,0,,,,,,,
6449,1058116,(1:30) (Shotgun) 8-L.Jackson scrambles right guard to KC 42 for 16 yards (6-B.Cook).,FALSE,BLT,KC,RUSH,,,00-0034796,3,BAL 42,3,3,42,3,16,1,1,1,0,0,0,1,R,0,6,0,0,0,0,0,0,0,1,0,4,5,1,BL,,0,0,0,0,0,0,0,0,0,0,0,NA,0,NA,NA,NA,NA,,S,,,,,,,,,,,,,,,,,,,,,,,,,,0,0,,,,,,,
6449,1058117,"(:46) (Shotgun) 8-L.Jackson scrambles right end ran ob at KC 13 for 29 yards (22-T.McDuffie).PENALTY on BLT-64-T.Linderbaum, Offensive Holding, 10 yards, enforced at KC 42 - No Play.",TRUE,BLT,KC,NOPL,00-0034796,,00-0034796,3,KC 42,1,10,58,3,0,0,0,1,0,0,0,1,R,1,7,0,0,1,0,1,0,0,1,0,4,0,1,P,,0,0,0,0,0,0,0,0,0,0,0,NA,0,2.4,0,NA,NA,,S,,,,,,P,00-0039006,00-0032965,,,,,,,,,,,,,,,,,,2,0,,,,,,,
6449,1058118,(:11) (Shotgun) 8-L.Jackson right end to KC 49 for 3 yards (35-Ja.Watson).,FALSE,BLT,KC,RUSH,,,00-0034796,3,BAL 48,1,20,48,3,3,0,0,1,0,0,0,0,,0,0,0,0,0,0,0,1,0,0,0,0,0,0,,,0,0,0,0,0,0,0,0,0,0,0,NA,0,NA,NA,NA,NA,,,,,,Counter,Read Option,,,,,,,,,,,,,,,,,,,,,,0,,,,,,,
6449,1058119,"(15:00) (Shotgun) 8-L.Jackson pass deep right to 80-I.Likely for 49 yards, TOUCHDOWN.",FALSE,BLT,KC,PASS,00-0034796,00-0037838,,4,KC 49,2,17,51,3,49,1,1,1,0,1,0,1,R,0,5,0,0,1,0,1,0,0,0,0,4,0,1,P,M-SNH,1,1,0,0,0,0,0,0,0,0,0,5.8,0,3.5,19,30,29,STP,S,,12 - Wheel,SD,,,P,00-0037819,00-0032965,C,00-0037192,,,,,,,,,,,,,,00-0036621,,2M,0,1,,,,,,
6449,1058120,"9-J.Tucker extra point is GOOD, Center-46-N.Moore, Holder-11-J.Stout.",FALSE,BLT,KC,FGXP,,,,4,KC 15,0,0,85,5,0,1,0,0,0,0,0,0,,0,0,0,0,0,0,0,0,0,0,0,0,0,0,,,0,0,0,0,0,0,0,0,0,0,0,NA,0,NA,NA,NA,NA,,,,,,,,,,,,,,,,,,,,,,,,,,,,,0,,,,,,,
6449,1058121,"9-J.Tucker kicks 65 yards from BLT 35 to end zone, Touchback to the KC 30.",FALSE,KC,BLT,KOFF,,,,4,BAL 35,0,0,65,4,0,1,0,0,0,0,0,0,,0,0,0,0,0,0,0,0,0,0,0,0,0,0,,,0,0,0,0,0,0,0,0,0,0,0,NA,0,NA,NA,NA,NA,,,,,,,,,,,,,,,,,,,,,,,,,,,,,0,,,,,,,
6449,1058122,(14:47) (Shotgun) 15-P.Mahomes pass short right to 4-R.Rice pushed ob at KC 38 for 8 yards (21-B.Stephens).,FALSE,KC,BLT,PASS,00-0033873,00-0039067,,4,KC 30,1,10,30,2,8,1,0,1,0,1,0,1,L,1,7,0,0,0,0,0,0,0,0,0,5,1,1,DR,M-SNH,0,1,0,0,0,0,0,0,1,0,0,2.1,0,NA,5,3,0,OPN,S,,2 - Quick Out,1,,,,,,,,,,,,,,,,,,,,,00-0036987,,1,0,2,,,,,,
6449,1058123,(14:16) (Shotgun) 10-I.Pacheco right guard to KC 41 for 3 yards (58-M.Pierce; 23-T.Simpson).,FALSE,KC,BLT,RUSH,,,00-0037197,4,KC 38,2,2,38,2,3,1,1,1,0,0,0,0,,0,0,0,0,0,0,0,0,0,0,0,0,0,0,,,0,0,0,0,0,0,0,0,0,0,0,NA,0,NA,NA,NA,NA,,,,,,Power,Lead,,,,,,,,,,,,,,,,,,,,,,0,,,,,,,
6449,1058124,(13:37) 15-P.Mahomes pass short right to 83-N.Gray to BLT 46 for 13 yards (32-M.Williams) [58-M.Pierce].,FALSE,KC,BLT,PASS,00-0033873,00-0036637,,4,KC 41,1,10,41,3,13,1,1,0,0,1,0,0,R,1,6,0,0,1,1,0,0,0,0,0,4,0,1,P,M-SNH,0,1,0,0,0,0,0,0,0,0,0,4,0,2.7,13,0,0,OPN,U,,8 - Shallow Cross/Drag,SD,,,P,00-0038142,00-0035237,,,,,,,,,,,,,,,,00-0033894,,1,0,1,,,,,,
6449,1058125,(12:57) 10-I.Pacheco right tackle to BLT 41 for 5 yards (58-M.Pierce).,FALSE,KC,BLT,RUSH,,,00-0037197,4,BAL 46,1,10,54,3,5,0,0,0,0,0,0,0,,0,0,0,0,0,0,0,0,0,0,0,0,0,0,,,0,0,0,0,0,0,0,0,0,0,0,NA,0,NA,NA,NA,NA,,,,,,Outside Zone,,,,,,,,,,,00-0038504,BCK,JK,,,,,,,,,,0,,,,,,,
6449,1058126,(12:21) (Shotgun) 10-I.Pacheco left guard to BLT 39 for 2 yards (99-O.Oweh).,FALSE,KC,BLT,RUSH,,,00-0037197,4,BAL 41,2,5,59,3,2,0,0,1,0,0,0,0,,0,0,0,0,0,0,0,0,0,0,0,0,0,0,,,0,0,0,0,0,0,0,0,0,0,0,NA,0,NA,NA,NA,NA,,,,,,Inside Zone,,,,,,,,,,,,,,,,,,,,,,,0,,,,,,,
6449,1058127,(11:40) (Shotgun) 15-P.Mahomes left end pushed ob at BLT 35 for 4 yards (32-M.Williams).,FALSE,KC,BLT,RUSH,,,00-0033873,4,BAL 39,3,3,61,4,4,1,1,1,0,0,0,0,,0,0,0,0,0,0,0,1,0,0,0,0,0,0,,,0,0,0,0,0,0,0,0,0,0,0,NA,0,NA,NA,NA,NA,,,,,,Inside Zone,Read Option,,,,,,,,,,,,,,,,,,,,,,0,,,,,,,
6449,1058128,(11:11) (Shotgun) 10-I.Pacheco left end to BLT 35 for no gain (99-O.Oweh).,FALSE,KC,BLT,RUSH,,,00-0037197,4,BAL 35,1,10,65,4,0,0,0,1,0,0,0,0,,0,0,0,0,0,0,0,0,0,0,0,0,0,0,,,0,0,0,0,0,0,0,0,0,0,0,NA,0,NA,NA,NA,NA,,,,,,Outside Zone,Pull Lead,,,,,,,,,,,,,,,,,,,,,,0,,00-0032391,00-0036940,,,,
6449,1058129,"(10:32) (Shotgun) 15-P.Mahomes pass deep right to 1-X.Worthy for 35 yards, TOUCHDOWN.",FALSE,KC,BLT,PASS,00-0033873,00-0039894,,4,BAL 35,2,10,65,4,35,1,1,1,0,1,0,0,L,1,6,0,0,0,0,0,0,0,0,0,4,0,0,,BST,0,1,0,0,0,0,0,0,1,0,0,2.3,0,NA,21,14,NA,WO,S,,9 - Go,1,,,,,,,,,,,,,,,,,,,,,00-0033281,,2,0,5+,,,,,,
6449,1058130,"7-H.Butker extra point is GOOD, Center-41-J.Winchester, Holder-14-M.Araiza.",FALSE,KC,BLT,FGXP,,,,4,BAL 15,0,0,85,5,0,1,0,0,0,0,0,0,,0,0,0,0,0,0,0,0,0,0,0,0,0,0,,,0,0,0,0,0,0,0,0,0,0,0,NA,0,NA,NA,NA,NA,,,,,,,,,,,,,,,,,,,,,,,,,,,,,0,,,,,,,
6449,1058131,"7-H.Butker kicks 65 yards from KC 35 to end zone, Touchback to the BLT 30.",FALSE,BLT,KC,KOFF,,,,4,KC 35,0,0,65,4,0,1,0,0,0,0,0,0,,0,0,0,0,0,0,0,0,0,0,0,0,0,0,,,0,0,0,0,0,0,0,0,0,0,0,NA,0,NA,NA,NA,NA,,,,,,,,,,,,,,,,,,,,,,,,,,,,,0,,,,,,,
6449,1058132,(10:25) 4-Z.Flowers right end to BLT 38 for 8 yards (23-D.Tranquill).,FALSE,BLT,KC,RUSH,,,00-0039064,4,BAL 30,1,10,30,2,8,1,0,0,0,0,0,0,,0,0,0,0,0,0,0,0,0,0,0,0,0,0,,,0,0,0,0,0,0,0,0,0,0,0,NA,0,NA,NA,NA,NA,,,,,,Trick/WR Run,Misdirection,,,,,,,,,,,,,,,,,,,,,,0,,,,,,,
6449,1058133,(9:46) (Shotgun) 8-L.Jackson pass short left to 80-I.Likely to BLT 42 for 4 yards (6-B.Cook; 51-M.Danna).,FALSE,BLT,KC,PASS,00-0034796,00-0037838,,4,BAL 38,2,2,38,2,4,1,1,1,0,1,0,1,R,0,6,1,0,0,0,0,0,0,0,0,4,0,0,,Z-UND,0,1,0,0,0,0,0,0,1,0,0,1.4,0,NA,-3,7,4,WO,S,,2 - Quick Out,1,,,,,,,,,,,,,,,,,,,,,00-0038982,,3,1,5+,,,,,,
6449,1058134,"(9:19) (No Huddle, Shotgun) 8-L.Jackson left end to KC 49 for 9 yards (98-T.Wharton).",FALSE,BLT,KC,RUSH,,,00-0034796,4,BAL 42,1,10,42,3,9,1,0,1,1,0,0,0,,0,0,0,0,0,0,0,1,0,0,0,0,0,0,,,0,0,0,0,0,0,0,0,0,0,0,NA,0,NA,NA,NA,NA,,,,,,Power,Read Option,,,,,,,,,,,,,,,,,,,,,,0,,,,,,,
6449,1058135,"(8:40) (No Huddle, Shotgun) 22-D.Henry right guard to KC 44 for 5 yards (51-M.Danna).",FALSE,BLT,KC,RUSH,,,00-0032764,4,KC 49,2,1,51,3,5,1,1,1,1,0,0,0,,0,0,0,0,0,0,0,0,0,0,0,0,0,0,,,0,0,0,0,0,0,0,0,0,0,0,NA,0,NA,NA,NA,NA,,,,,,Inside Zone,,,,,,,,,,,,,,,,,,,,,,,0,,,,,,,
6449,1058136,"(8:16) (No Huddle, Shotgun) 8-L.Jackson right end to KC 31 for 13 yards (35-Ja.Watson; 95-C.Jones).",FALSE,BLT,KC,RUSH,,,00-0034796,4,KC 44,1,10,56,3,13,1,1,1,1,0,0,0,,0,0,0,0,0,0,0,1,0,0,0,0,0,0,,,0,0,0,0,0,0,0,0,0,0,0,NA,0,NA,NA,NA,NA,,,,,,Inside Zone,QB Run,,,,,,,,,,00-0034361,2ND,SP,,,,,,,,,,0,,,,,,,
6449,1058137,"(7:45) (No Huddle, Shotgun) 8-L.Jackson pass incomplete deep left to 7-R.Bateman.",FALSE,BLT,KC,PASS,00-0034796,00-0036550,,4,KC 31,1,10,69,4,0,0,0,1,1,0,0,1,R,0,5,0,0,0,0,0,0,0,0,0,6,2,0,,M-SNH,0,0,0,0,0,0,0,0,0,0,0,3.6,0,NA,31,NA,NA,TCV,S,IAT,7 - Post,2,,,,,,,,,,,,,,,,,,,,,00-0037195,,0,0,0,,,,,,
6449,1058138,(7:38) (Shotgun) 8-L.Jackson pass short left to 15-N.Agholor to KC 25 for 6 yards (6-B.Cook).,FALSE,BLT,KC,PASS,00-0034796,00-0031549,,4,KC 31,2,10,69,4,6,1,0,1,0,1,0,0,R,1,6,0,0,0,0,0,0,0,0,0,4,0,0,,Z-HIZ,0,1,0,0,0,0,0,0,0,0,0,2.3,0,NA,6,0,0,OPN,S,,3 - Hitch/Curl,2,,,,,,,,,,,,,,,,,,,,,00-0037193,,2,0,2,,,,,,
6449,1058139,"(7:13) (No Huddle, Shotgun) 8-L.Jackson pass short right to 89-M.Andrews to KC 22 for 3 yards (27-C.Conner).",FALSE,BLT,KC,PASS,00-0034796,00-0034753,,4,KC 25,3,4,75,4,3,0,0,1,1,1,0,1,L,0,5,0,0,0,0,0,0,0,0,0,6,2,0,,M-SNH,0,1,0,0,0,0,0,0,1,0,0,1.6,0,NA,3,0,0,OPN,S,,2 - Quick Out,1,,,,,,,,,,,,,,,,,,,,,00-0038982,,0,0,1,,,,,,
6449,1058140,(6:34) 22-D.Henry left guard to KC 20 for 2 yards (20-J.Reid; 69-M.Pennel).,FALSE,BLT,KC,RUSH,,,00-0032764,4,KC 22,4,1,78,4,2,1,1,0,0,0,0,0,,0,0,0,0,0,0,0,0,0,0,0,0,0,0,,,0,0,0,0,0,0,0,0,0,0,0,NA,0,NA,NA,NA,NA,,,,,,Counter,Lead,,,,,,,,,,00-0034818,BCK,DC,,,,,,,,,,0,,00-0038118,00-0034818,,,,
6449,1058141,(5:50) (Shotgun) 8-L.Jackson scrambles right end ran ob at KC 16 for 4 yards (35-Ja.Watson; 54-L.Chenal).,FALSE,BLT,KC,RUSH,,,00-0034796,4,KC 20,1,10,80,5,4,0,0,1,0,0,0,1,M,1,5,0,0,0,0,0,0,0,1,0,3,0,1,BL,,0,0,0,0,0,0,0,0,0,0,0,NA,0,NA,NA,NA,NA,,S,,,,,,,,,,,,,,,,,,,,,,,,,,2,0,,,,,,,
6449,1058142,(5:15) (Shotgun) 8-L.Jackson pass incomplete short right.,FALSE,BLT,KC,PASS,00-0034796,,,4,KC 16,2,6,84,5,0,0,0,1,0,0,0,1,R,1,6,0,0,1,0,1,0,0,0,0,3,0,1,BL,M-SNH,0,0,1,0,0,0,0,0,0,0,0,4.8,0,NA,0,NA,NA,TCV,S,TA,2 - Quick Out,SD,,,C,00-0037819,,,,,,,,,,,,,,,,,00-0036621,,4,0,0,,,,,,
6449,1058143,"(5:06) (Shotgun) 8-L.Jackson scrambles left guard to KC 14 for 2 yards (54-L.Chenal).Penalty on BLT-7-R.Bateman, Illegal Formation, declined.",FALSE,BLT,KC,RUSH,,,00-0034796,4,KC 16,3,6,84,5,2,0,0,1,0,0,0,1,R,0,5,0,0,0,0,0,0,0,1,0,3,0,1,BL,,0,0,0,0,0,0,0,0,0,0,0,NA,0,NA,NA,NA,NA,,S,,,,,,,,,,,,,,,,,,,,,,,,,,2,0,,,,,,,
6449,1058144,"(4:58) 9-J.Tucker 32 yard field goal is GOOD, Center-46-N.Moore, Holder-11-J.Stout.",FALSE,BLT,KC,FGXP,,,,4,KC 14,4,4,86,5,0,1,0,0,0,0,0,0,,0,0,0,0,0,0,0,0,0,0,0,0,0,0,,,0,0,0,0,0,0,0,0,0,0,0,NA,0,NA,NA,NA,NA,,,,,,,,,,,,,,,,,,,,,,,,,,,,,0,,,,,,,
6449,1058145,"9-J.Tucker kicks 65 yards from BLT 35 to end zone, Touchback to the KC 30.",FALSE,KC,BLT,KOFF,,,,4,BAL 35,0,0,65,4,0,1,0,0,0,0,0,0,,0,0,0,0,0,0,0,0,0,0,0,0,0,0,,,0,0,0,0,0,0,0,0,0,0,0,NA,0,NA,NA,NA,NA,,,,,,,,,,,,,,,,,,,,,,,,,,,,,0,,,,,,,
6449,1058146,(4:54) 10-I.Pacheco right tackle to KC 35 for 5 yards (39-E.Jackson).,FALSE,KC,BLT,RUSH,,,00-0037197,4,KC 30,1,10,30,2,5,0,0,0,0,0,0,0,,0,0,0,0,0,0,0,0,0,0,0,0,0,0,,,0,0,0,0,0,0,0,0,0,0,0,NA,0,NA,NA,NA,NA,,,,,,Power,Lead,,,,,,,,,,,,,,,,,,,,,,0,,,,,,,
6449,1058147,"(4:14) (Shotgun) PENALTY on KC-74-J.Taylor, False Start, 5 yards, enforced at KC 35 - No Play.",TRUE,KC,BLT,NOPL,,,,4,KC 35,2,5,35,2,0,0,0,1,0,0,0,0,,0,0,0,0,0,0,0,0,0,0,0,0,0,0,,,0,0,0,0,0,0,0,0,0,0,0,NA,0,NA,NA,NA,NA,,,,,,,,,,,,,,,,,,,,,,,,,,,,,0,,,,,,,
6449,1058148,"(4:14) (Shotgun) 15-P.Mahomes scrambles right end pushed ob at KC 49 for 19 yards (0-R.Smith).Penalty on KC-4-R.Rice, Offensive Holding, offsetting, enforced at KC 30 - No Play.Penalty on BLT-32-M.Williams, Unnecessary Roughness, offsetting.",TRUE,KC,BLT,NOPL,00-0033873,,00-0033873,4,KC 30,2,10,30,2,0,0,0,1,0,0,0,0,R,1,4,0,0,0,0,0,0,0,1,0,4,0,1,BL,M-SNH,0,0,0,0,0,0,0,0,0,0,0,NA,0,NA,0,NA,NA,TCV,S,,5 - In/Dig,2,,,,,,,,,,,,,,,,,,,,,00-0033281,,1,0,0,,,,,,
6449,1058149,(4:06) (Shotgun) 15-P.Mahomes pass short right to 10-I.Pacheco to KC 40 for 10 yards (2-N.Wiggins).,FALSE,KC,BLT,PASS,00-0033873,00-0037197,,4,KC 30,2,10,30,2,10,1,1,1,0,1,0,1,R,1,5,0,0,0,0,0,0,0,0,0,4,0,0,,Z-UND,0,1,0,0,0,0,0,0,0,1,0,1.7,0,NA,-3,13,6,WO,S,,0 - Screen,DES,,,,,,,,,,,,,,,,,,,,,00-0034874,00-0038504,2M,0,5+,,,,,,
6449,1058150,"(3:29) (No Huddle, Shotgun) 10-I.Pacheco right guard to KC 42 for 2 yards (98-T.Jones).",FALSE,KC,BLT,RUSH,,,00-0037197,4,KC 40,1,10,40,3,2,0,0,1,1,0,0,0,,0,0,0,0,0,0,0,0,0,0,0,0,0,0,,,0,0,0,0,0,0,0,0,0,0,0,NA,0,NA,NA,NA,NA,,,,,,Inside Zone,,,,,,,,,,,,,,,,,,,,,,,0,,,,,,,
6449,1058151,(2:47) 42-C.Steele left end to KC 40 for -2 yards (0-R.Smith).,FALSE,KC,BLT,RUSH,,,00-0039325,4,KC 42,2,8,42,3,-2,0,0,0,0,0,0,0,,0,0,0,0,0,0,0,0,0,0,0,0,0,0,,,0,0,0,0,0,0,0,0,0,0,0,NA,0,NA,NA,NA,NA,,,,,,Inside Zone,,,,,,,,,,,00-0034874,BCK,SA,,,,,,,,,,0,,,,,,,
6449,1058152,Timeout #3 by BLT at 02:36.,TRUE,NA,NA,NOPL,,,,4,KC 40,0,0,0,0,0,0,0,0,0,0,0,0,,0,0,0,0,0,0,0,0,0,0,0,0,0,0,,,0,0,0,0,0,0,0,0,0,0,0,NA,0,NA,NA,NA,NA,,,,,,,,,,,,,,,,,,,,,,,,,,,,,0,,,,,,,
6449,1058153,(2:36) (Shotgun) 15-P.Mahomes pass short middle to 15-P.Mahomes to KC 42 for 2 yards (99-O.Oweh).,FALSE,KC,BLT,PASS,00-0033873,00-0033873,,4,KC 40,3,10,40,3,2,0,0,1,0,1,0,1,L,0,6,0,0,0,0,0,0,0,0,0,4,0,0,,M-SNH,0,0,0,0,0,1,0,0,0,0,0,3.8,0,NA,-1,3,1,TCV,S,,8 - Shallow Cross/Drag,SD,,,,,,,,,,,,,,,,,,,,,00-0038504,,C,0,0,,,,,,
6449,1058154,"(2:00) 14-M.Araiza punts 48 yards to BLT 10, Center-41-J.Winchester. 3-D.Harty to BLT 13 for 3 yards (13-N.Johnson).",FALSE,KC,BLT,PUNT,,,,4,KC 42,4,8,42,3,0,1,0,0,0,0,0,0,,0,0,0,0,0,0,0,0,0,0,0,0,0,0,,,0,0,0,0,0,0,0,0,0,0,0,NA,0,NA,NA,NA,NA,,,,,,,,,,,,,,,,,,,,,,,,,,,,,0,,,,,,,
6449,1058155,(1:50) (Shotgun) 8-L.Jackson pass short right to 80-I.Likely pushed ob at BLT 21 for 8 yards (35-Ja.Watson).,FALSE,BLT,KC,PASS,00-0034796,00-0037838,,4,BAL 13,1,10,13,1,8,1,0,1,0,1,0,1,R,0,4,0,0,0,0,0,0,0,0,0,4,0,0,,Z-UND,0,1,0,0,0,0,0,0,1,0,0,2,0,NA,5,3,0,OPN,S,,2 - Quick Out,1,,,,,,,,,,,,,,,,,,,,,00-0037195,,2,0,2,,,,,,
6449,1058156,(1:45) (Shotgun) 8-L.Jackson scrambles right end pushed ob at BLT 30 for 9 yards (27-C.Conner).,FALSE,BLT,KC,RUSH,,,00-0034796,4,BAL 21,2,2,21,2,9,1,1,1,0,0,0,1,R,0,4,0,0,1,0,1,0,0,1,0,4,0,1,P,,0,0,0,0,0,0,0,0,0,0,0,NA,0,1.9,NA,NA,NA,,S,,,,,,P,00-0032762,00-0035112,C,00-0037819,,,,,,,,,,,,,,,,1,0,,,,,,,
6449,1058157,(1:37) (Shotgun) 8-L.Jackson pass incomplete deep left to 7-R.Bateman.,FALSE,BLT,KC,PASS,00-0034796,00-0036550,,4,BAL 30,1,10,30,2,0,0,0,1,0,0,0,1,R,0,4,0,0,0,0,0,0,0,0,0,4,0,0,,M-SNH,0,0,0,0,0,0,0,0,1,0,0,2.7,0,NA,40,NA,NA,TCV,S,CC,9 - Go,1,,,,,,,,,,,,,,,,,,,,,00-0038043,,1,0,0,,,,,,
6449,1058158,(1:31) (Shotgun) 8-L.Jackson pass short right to 80-I.Likely pushed ob at BLT 38 for 8 yards (35-Ja.Watson).,FALSE,BLT,KC,PASS,00-0034796,00-0037838,,4,BAL 30,2,10,30,2,8,1,0,1,0,1,0,1,R,0,4,0,0,0,0,0,0,0,0,0,4,0,0,,Z-UND,0,1,0,0,0,0,0,0,0,0,0,2,0,NA,3,5,0,OPN,S,,2 - Quick Out,2,,,,,,,,,,,,,,,,,,,,,00-0037195,,4,0,3,,,,,,
6449,1058159,(1:26) (Shotgun) 8-L.Jackson scrambles up the middle to BLT 41 for 3 yards (32-N.Bolton). KC-54-L.Chenal was injured during the play.,FALSE,BLT,KC,RUSH,,,00-0034796,4,BAL 38,3,2,38,2,3,1,1,1,0,0,0,1,R,0,6,0,0,1,0,1,0,0,1,0,4,0,1,P,,0,0,0,0,0,0,0,0,0,0,0,NA,0,5,NA,NA,NA,,S,,,,,,P,00-0037192,00-0032965,,,,,,,,,,,,,,,,,,2,0,,,,,,,
6449,1058160,Timeout #1 by KC at 01:11.,TRUE,NA,NA,NOPL,,,,4,BAL 41,0,0,0,0,0,0,0,0,0,0,0,0,,0,0,0,0,0,0,0,0,0,0,0,0,0,0,,,0,0,0,0,0,0,0,0,0,0,0,NA,0,NA,NA,NA,NA,,,,,,,,,,,,,,,,,,,,,,,,,,,,,0,,,,,,,
6449,1058161,(1:11) (Shotgun) 8-L.Jackson pass short right to 43-J.Hill to BLT 48 for 7 yards (32-N.Bolton).,FALSE,BLT,KC,PASS,00-0034796,00-0034975,,4,BAL 41,1,10,41,3,7,0,0,1,0,1,0,1,R,0,6,0,0,0,0,0,0,0,0,0,3,0,1,BL,Z-UND,0,1,0,0,0,0,0,0,0,0,0,3.4,0,NA,0,7,3,WO,S,,2 - Quick Out,CHK,,,,,,,,,,,,,,,,,,,,,00-0036621,,2,0,5+,,,,,,
6449,1058162,"(:47) (No Huddle, Shotgun) 8-L.Jackson pass short right to 80-I.Likely pushed ob at KC 48 for 4 yards (35-Ja.Watson).",FALSE,BLT,KC,PASS,00-0034796,00-0037838,,4,BAL 48,2,3,48,3,4,1,1,1,1,1,0,1,R,0,4,0,0,0,0,0,0,0,0,0,3,0,0,,Z-UND,0,1,0,0,0,0,0,0,1,0,0,1.7,0,NA,1,3,NA,OPN,S,,2 - Quick Out,1,,,,,,,,,,,,,,,,,,,,,00-0037195,,2,0,3,,,,,,
6449,1058163,(:43) (Shotgun) 8-L.Jackson pass deep right to 7-R.Bateman to KC 10 for 38 yards (6-B.Cook).,FALSE,BLT,KC,PASS,00-0034796,00-0036550,,4,KC 48,1,10,52,3,38,1,1,1,0,1,0,1,R,0,6,0,0,0,0,0,0,0,0,0,4,1,1,BL,Z-HIZ,1,1,0,0,1,0,0,0,0,0,0,3.9,0,NA,36,2,0,STP,S,,9 - Go,SD,,,,,,,,,,,,,,,,,,,,,00-0037193,,2,0,1,,,,,,
6449,1058164,"(:18) (No Huddle, Shotgun) 8-L.Jackson pass incomplete short left to 80-I.Likely. BLT-80-I.Likely was injured during the play.",FALSE,BLT,KC,PASS,00-0034796,00-0037838,,4,KC 10,1,10,90,5,0,0,0,1,1,0,0,1,R,0,5,0,0,0,0,0,0,0,0,0,4,0,0,,M-SNH,0,0,0,0,0,0,0,0,0,0,0,5.4,0,NA,10,NA,NA,OPN,S,IAT,6 - Corner,2,,,,,,,,,,,,,,,,,,,,,00-0037193,,2,0,2,,,,,,
6449,1058165,Timeout #4 by BLT at 00:10.,TRUE,NA,NA,NOPL,,,,4,KC 10,0,0,0,0,0,0,0,0,0,0,0,0,,0,0,0,0,0,0,0,0,0,0,0,0,0,0,,,0,0,0,0,0,0,0,0,0,0,0,NA,0,NA,NA,NA,NA,,,,,,,,,,,,,,,,,,,,,,,,,,,,,0,,,,,,,
6449,1058166,(:10) (Shotgun) 8-L.Jackson pass incomplete short middle to 4-Z.Flowers. ** Injury Update: KC-54-L.Chenal has returned to the game.,FALSE,BLT,KC,PASS,00-0034796,00-0039064,,4,KC 10,2,10,90,5,0,0,0,1,0,0,0,1,R,0,3,0,0,1,0,1,0,0,0,0,3,0,1,P,Z-HIZ,0,0,0,0,0,0,0,0,0,0,0,2.3,0,3.8,10,NA,NA,WO,S,IAT,8 - Shallow Cross/Drag,SD,,,P,00-0032762,00-0034975,,,,,,,,,,,,,,,,00-0037193,,3,0,5+,,,,,,
6449,1058167,"(:05) (Shotgun) 8-L.Jackson pass short middle to 80-I.Likely for 10 yards, TOUCHDOWN.The Replay Official reviewed the pass completion ruling, and the play was REVERSED.(Shotgun) 8-L.Jackson pass incomplete short middle to 80-I.Likely (32-N.Bolton). ** Injury Update: BLT-80-I.Likely has returned to the game.",FALSE,BLT,KC,PASS,00-0034796,00-0037838,,4,KC 10,3,10,90,5,0,0,0,1,0,0,0,1,R,0,3,0,0,0,0,0,0,0,0,0,3,0,0,,Z-HIZ,1,1,0,0,0,0,0,0,0,0,0,5.3,0,NA,10,NA,NA,STP,S,CC,5 - In/Dig,SD,,,,,,,,,,,,,,,,,,,,,00-0035262,00-0036621,3,0,1,,,,,,
