gid,pid,detail,off,def,type,len,qtr,min,sec,ptso,ptsd,timo,timd,dwn,ytg,yfog,zone,yds,succ,fd,sg,nh,pts,bc,kne,dir,rtck1,rtck2,psr,comp,spk,loc,trg,dfb,dot,ptck1,ptck2,sk1,sk2,ptm,pen,desc,pey,act,ints,iry,fum,frcv,fry,forc,fuml,saf,blk,brcv,fgxp,fkicker,dist,good,punter,pgro,pnet,ptb,pr,pry,pfc,kicker,kgro,knet,ktb,kr,kry,td,td_type,epa
6449,1057995,"7-H.Butker kicks 65 yards from KC 35 to end zone, Touchback to the BLT 30.",BLT,KC,KOFF,0,1,15,0,0,0,3,3,0,0,65,4,0,1,0,0,0,0,,0,,,,,0,0,,,,,,,,,,,,,,,,,,,,0,,,,,,,0,,,,0,,,0,00-0033303,65,65,1,,0,0,,NA
6449,1057996,(15:00) (Shotgun) 22-D.Henry left end to BLT 32 for 2 yards (35-Ja.Watson).,BLT,KC,RUSH,41,1,15,0,0,0,3,3,1,10,30,2,2,0,0,1,0,0,00-0032764,0,LE,00-0037195,,,0,0,,,,,,,,,,,,,,,,,,,,0,,,,,,,0,,,,0,,,0,,,,0,,,0,,NA
6449,1057997,"(14:19) (Shotgun) 8-L.Jackson pass short right to 4-Z.Flowers to BLT 34 for 2 yards (23-D.Tranquill).PENALTY on BLT-79-R.Stanley, Illegal Formation, 5 yards, enforced at BLT 32 - No Play.",BLT,KC,NOPL,24,1,14,19,0,0,3,3,2,8,32,2,0,0,0,1,0,0,,0,,,,00-0034796,0,0,,,,0,,,,,BLT,00-0032965,Illegal Formation,-5,NA,,,,,,,0,,,,,,,0,,,,0,,,0,,,,0,,,0,,NA
6449,1057998,(13:55) (Shotgun) 8-L.Jackson pass short right to 43-J.Hill pushed ob at BLT 29 for 2 yards (27-C.Conner).,BLT,KC,PASS,35,1,13,55,0,0,3,3,2,13,27,2,2,0,0,1,0,0,,0,,,,00-0034796,1,0,SR,00-0034975,,-4,00-0038982,,,,,,,,,,,,,,,0,,,,,,,0,,,,0,,,0,,,,0,,,0,,NA
6449,1057999,(13:20) (Shotgun) 8-L.Jackson pass short right to 43-J.Hill ran ob at BLT 47 for 18 yards (35-Ja.Watson).,BLT,KC,PASS,37,1,13,20,0,0,3,3,3,11,29,2,18,1,1,1,0,0,,0,,,,00-0034796,1,0,SR,00-0034975,,1,00-0037195,,,,,,,,,,,,,,,0,,,,,,,0,,,,0,,,0,,,,0,,,0,,NA
6449,1058000,(12:43) 22-D.Henry up the middle to BLT 48 for 1 yard (95-C.Jones; 69-M.Pennel).,BLT,KC,RUSH,43,1,12,43,0,0,3,3,1,10,47,3,1,0,0,0,0,0,00-0032764,0,RM,00-0032762,00-0030757,,0,0,,,,,,,,,,,,,,,,,,,,0,,,,,,,0,,,,0,,,0,,,,0,,,0,,NA
6449,1058001,"(12:00) (Shotgun) 8-L.Jackson pass incomplete short left to 22-D.Henry (54-L.Chenal).Penalty on BLT-65-P.Mekari, Illegal Formation, declined.",BLT,KC,PASS,5,1,12,0,0,0,3,3,2,9,48,3,0,0,0,1,0,0,,0,,,,00-0034796,0,0,SL,00-0032764,00-0037819,-6,,,,,,,,,,,,,,,,0,,,,,,,0,,,,0,,,0,,,,0,,,0,,NA
6449,1058002,"(11:55) (Shotgun) 8-L.Jackson pass incomplete deep right to 4-Z.Flowers.Penalty on BLT-79-R.Stanley, Illegal Formation, offsetting, enforced at BLT 48 - No Play.Penalty on KC-35-Ja.Watson, Defensive Pass Interference, offsetting.",BLT,KC,NOPL,6,1,11,55,0,0,3,3,3,9,48,3,0,1,0,1,0,0,,0,,,,00-0034796,0,0,,,,0,,,,,,,,,,,,,,,,0,,,,,,,0,,,,0,,,0,,,,0,,,0,,NA
6449,1058003,(11:49) (Shotgun) 8-L.Jackson pass deep middle to 4-Z.Flowers to KC 33 for 19 yards (22-T.McDuffie).,BLT,KC,PASS,44,1,11,49,0,0,3,3,3,9,48,3,19,1,1,1,0,0,,0,,,,00-0034796,1,0,DM,00-0039064,,18,00-0037191,,,,,,,,,,,,,,,0,,,,,,,0,,,,0,,,0,,,,0,,,0,,NA
6449,1058004,(11:05) (Shotgun) 22-D.Henry right end to KC 27 for 6 yards (20-J.Reid).,BLT,KC,RUSH,39,1,11,5,0,0,3,3,1,10,67,4,6,1,0,1,0,0,00-0032764,0,RE,00-0034361,,,0,0,,,,,,,,,,,,,,,,,,,,0,,,,,,,0,,,,0,,,0,,,,0,,,0,,NA
6449,1058005,(10:26) (Shotgun) 22-D.Henry up the middle to KC 24 for 3 yards (54-L.Chenal; 32-N.Bolton).,BLT,KC,RUSH,46,1,10,26,0,0,3,3,2,4,73,4,3,1,0,1,0,0,00-0032764,0,RM,00-0037819,00-0036621,,0,0,,,,,,,,,,,,,,,,,,,,0,,,,,,,0,,,,0,,,0,,,,0,,,0,,NA
6449,1058006,(9:40) (Shotgun) 8-L.Jackson left end ran ob at KC 13 for 11 yards (20-J.Reid).,BLT,KC,RUSH,40,1,9,40,0,0,3,3,3,1,76,4,11,1,1,1,0,0,00-0034796,0,LE,00-0034361,,,0,0,,,,,,,,,,,,,,,,,,,,0,,,,,,,0,,,,0,,,0,,,,0,,,0,,NA
6449,1058007,(9:00) (Shotgun) 8-L.Jackson left end to KC 5 for 8 yards (20-J.Reid).,BLT,KC,RUSH,42,1,9,0,0,0,3,3,1,10,87,5,8,1,0,1,0,0,00-0034796,0,LE,00-0034361,,,0,0,,,,,,,,,,,,,,,,,,,,0,,,,,,,0,,,,0,,,0,,,,0,,,0,,NA
6449,1058008,"(8:18) 22-D.Henry right guard for 5 yards, TOUCHDOWN.",BLT,KC,RUSH,4,1,8,18,0,0,3,3,2,2,95,5,5,1,1,0,0,6,00-0032764,0,RG,,,,0,0,,,,,,,,,,,,,,,,,,,,0,,,,,,,0,,,,0,,,0,,,,0,,,1,RUSH,NA
6449,1058009,"9-J.Tucker extra point is GOOD, Center-46-N.Moore, Holder-11-J.Stout.",BLT,KC,FGXP,0,1,8,14,6,0,3,3,0,0,85,5,0,1,0,0,0,1,,0,,,,,0,0,,,,,,,,,,,,,,,,,,,,0,,,,XP,00-0029597,33,1,,,,0,,,0,,,,0,,,0,,NA
6449,1058010,9-J.Tucker kicks 60 yards from BLT 35 to KC 5. 42-C.Steele to KC 33 for 28 yards (49-C.Board; 25-K.Hollman).,KC,BLT,KOFF,5,1,8,14,0,7,3,3,0,0,65,4,0,1,0,0,0,0,,0,,,,,0,0,,,,,,,,,,,,,,,,,,,,0,,,,,,,0,,,,0,,,0,00-0029597,60,32,0,00-0039325,28,0,,NA
6449,1058011,"(8:09) (Shotgun) 15-P.Mahomes pass short left to 4-R.Rice to KC 44 for 11 yards (32-M.Williams, 0-R.Smith).",KC,BLT,PASS,30,1,8,9,0,7,3,3,1,10,33,2,11,1,1,1,0,0,,0,,,,00-0033873,1,0,SL,00-0039067,,4,00-0033894,00-0034874,,,,,,,,,,,,,,0,,,,,,,0,,,,0,,,0,,,,0,,,0,,NA
6449,1058012,(7:39) (Shotgun) 15-P.Mahomes sacked at KC 44 for 0 yards (sack split by 23-T.Simpson and 92-J.Madubuike).,KC,BLT,PASS,36,1,7,39,0,7,3,3,1,10,44,3,0,0,0,1,0,0,,0,,,,,0,0,,,,,,,00-0038504,00-0036130,,,,,,,,,,,,0,,,,,,,0,,,,0,,,0,,,,0,,,0,,NA
6449,1058013,(7:03) 10-I.Pacheco up the middle to KC 48 for 4 yards (92-J.Madubuike; 0-R.Smith).,KC,BLT,RUSH,40,1,7,3,0,7,3,3,2,10,44,3,4,0,0,0,0,0,00-0037197,0,RM,00-0036130,00-0034874,,0,0,,,,,,,,,,,,,,,,,,,,0,,,,,,,0,,,,0,,,0,,,,0,,,0,,NA
6449,1058014,"(6:23) (Shotgun) 15-P.Mahomes pass short middle to 4-R.Rice to BLT 36 for 16 yards (0-R.Smith).PENALTY on BLT-0-R.Smith, Horse Collar Tackle, 15 yards, enforced at BLT 36.",KC,BLT,PASS,21,1,6,23,0,7,3,3,3,6,48,3,16,1,1,1,0,0,,0,,,,00-0033873,1,0,SM,00-0039067,,4,00-0034874,,,,BLT,00-0034874,Horse Collar Tackle,15,NA,,,,,,,0,,,,,,,0,,,,0,,,0,,,,0,,,0,,NA
6449,1058015,"(6:02) 1-X.Worthy right end for 21 yards, TOUCHDOWN.",KC,BLT,RUSH,7,1,6,2,0,7,3,3,1,10,79,4,21,1,1,0,0,6,00-0039894,0,RE,,,,0,0,,,,,,,,,,,,,,,,,,,,0,,,,,,,0,,,,0,,,0,,,,0,,,1,RUSH,NA
6449,1058016,"7-H.Butker extra point is GOOD, Center-41-J.Winchester, Holder-14-M.Araiza.",KC,BLT,FGXP,0,1,5,55,6,7,3,3,0,0,85,5,0,1,0,0,0,1,,0,,,,,0,0,,,,,,,,,,,,,,,,,,,,0,,,,XP,00-0033303,33,1,,,,0,,,0,,,,0,,,0,,NA
6449,1058017,"7-H.Butker kicks 65 yards from KC 35 to end zone, Touchback to the BLT 30.",BLT,KC,KOFF,0,1,5,55,7,7,3,3,0,0,65,4,0,1,0,0,0,0,,0,,,,,0,0,,,,,,,,,,,,,,,,,,,,0,,,,,,,0,,,,0,,,0,00-0033303,65,65,1,,0,0,,NA
6449,1058018,(5:55) 8-L.Jackson pass short left to 80-I.Likely to BLT 45 for 15 yards (6-B.Cook).,BLT,KC,PASS,42,1,5,55,7,7,3,3,1,10,30,2,15,1,1,0,0,0,,0,,,,00-0034796,1,0,SL,00-0037838,,11,00-0037193,,,,,,,,,,,,,,,0,,,,,,,0,,,,0,,,0,,,,0,,,0,,NA
6449,1058019,(5:13) 22-D.Henry left end to BLT 46 for 1 yard (98-T.Wharton; 54-L.Chenal).,BLT,KC,RUSH,44,1,5,13,7,7,3,3,1,10,45,3,1,0,0,0,0,0,00-0032764,0,LE,00-0035890,00-0037819,,0,0,,,,,,,,,,,,,,,,,,,,0,,,,,,,0,,,,0,,,0,,,,0,,,0,,NA
6449,1058020,(4:29) (Shotgun) 8-L.Jackson pass short right to 4-Z.Flowers to BLT 49 for 3 yards (22-T.McDuffie).,BLT,KC,PASS,41,1,4,29,7,7,3,3,2,9,46,3,3,0,0,1,0,0,,0,,,,00-0034796,1,0,SR,00-0039064,,3,00-0037191,,,,,,,,,,,,,,,0,,,,,,,0,,,,0,,,0,,,,0,,,0,,NA
6449,1058021,(3:48) (Shotgun) 8-L.Jackson pass short right to 43-J.Hill to 50 for 1 yard (20-J.Reid).,BLT,KC,PASS,45,1,3,48,7,7,3,3,3,6,49,3,1,0,0,1,0,0,,0,,,,00-0034796,1,0,SR,00-0034975,,-1,00-0034361,,,,,,,,,,,,,,,0,,,,,,,0,,,,0,,,0,,,,0,,,0,,NA
6449,1058022,"(3:03) 11-J.Stout punts 40 yards to KC 10, Center-46-N.Moore, fair catch by 17-M.Hardman.",BLT,KC,PUNT,8,1,3,3,7,7,3,3,4,5,50,3,0,0,0,0,0,0,,0,,,,,0,0,,,,,,,,,,,,,,,,,,,,0,,,,,,,0,00-0038094,40,40,0,00-0035140,0,1,,,,0,,,0,,NA
6449,1058023,(2:55) (Shotgun) 15-P.Mahomes pass short left to 10-I.Pacheco ran ob at KC 33 for 23 yards (21-B.Stephens) [53-K.Van Noy].,KC,BLT,PASS,36,1,2,55,7,7,3,3,1,10,10,1,23,1,1,1,0,0,,0,,,,00-0033873,1,0,SL,00-0037197,,-4,00-0036987,,,,,,,,,,,,,,,0,,,,,,,0,,,,0,,,0,,,,0,,,0,,NA
6449,1058024,(2:19) (Shotgun) 15-P.Mahomes pass short middle to 4-R.Rice to BLT 48 for 19 yards (39-E.Jackson).,KC,BLT,PASS,40,1,2,19,7,7,3,3,1,10,33,2,19,1,1,1,0,0,,0,,,,00-0033873,1,0,SM,00-0039067,,3,00-0033784,,,,,,,,,,,,,,,0,,,,,,,0,,,,0,,,0,,,,0,,,0,,NA
6449,1058025,(1:39) (Shotgun) 10-I.Pacheco up the middle to BLT 47 for 1 yard (96-B.Washington; 14-K.Hamilton).,KC,BLT,RUSH,30,1,1,39,7,7,3,3,1,10,52,3,1,0,0,1,0,0,00-0037197,0,RM,00-0036081,00-0038038,,0,0,,,,,,,,,,,,,,,,,,,,0,,,,,,,0,,,,0,,,0,,,,0,,,0,,NA
6449,1058026,(1:09) 15-P.Mahomes pass short right to 4-R.Rice to BLT 46 for 1 yard (99-O.Oweh; 2-N.Wiggins).,KC,BLT,PASS,40,1,1,9,7,7,3,3,2,9,53,3,1,0,0,0,0,0,,0,,,,00-0033873,1,0,SR,00-0039067,,-3,00-0036940,00-0039232,,,,,,,,,,,,,,0,,,,,,,0,,,,0,,,0,,,,0,,,0,,NA
6449,1058027,(:29) (Shotgun) 15-P.Mahomes sacked at KC 44 for -10 yards (90-D.Ojabo).,KC,BLT,PASS,29,1,0,29,7,7,3,3,3,8,54,3,-10,0,0,1,0,0,,0,,,,,0,0,,,,,,,00-0038142,,,,,,,,,,,,,0,,,,,,,0,,,,0,,,0,,,,0,,,0,,NA
6449,1058028,"(15:00) 14-M.Araiza punts 56 yards to end zone, Center-41-J.Winchester, Touchback.",KC,BLT,PUNT,7,2,15,0,7,7,3,3,4,18,44,3,0,1,0,0,0,0,,0,,,,,0,0,,,,,,,,,,,,,,,,,,,,0,,,,,,,0,00-0037284,56,56,1,,0,0,,,,0,,,0,,NA
6449,1058029,"(14:53) 8-L.Jackson sacked at BLT 13 for -7 yards (95-C.Jones). FUMBLES (95-C.Jones), RECOVERED by KC-97-F.Anudike-Uzomah at BLT 14.",BLT,KC,PASS,9,2,14,53,7,7,3,3,1,10,20,2,-6,0,0,0,0,0,,0,,,,,0,0,,,,,,,00-0032762,,,,,,,,,00-0034796,00-0039006,0,00-0032762,1,,,,,,,0,,,,0,,,0,,,,0,,,0,,NA
6449,1058030,"(14:44) (Shotgun) Direct snap to 10-I.Pacheco.  10-I.Pacheco left end to BLT 11 for 3 yards (99-O.Oweh).PENALTY on KC-87-T.Kelce, Offensive Holding, 10 yards, enforced at BLT 14 - No Play.",KC,BLT,NOPL,14,2,14,44,7,7,3,3,1,10,86,5,0,0,0,1,0,0,,0,,,,,0,0,,,,,,,,,KC,00-0030506,Offensive Holding,-10,NA,,,,,,,0,,,,,,,0,,,,0,,,0,,,,0,,,0,,NA
6449,1058031,(14:30) 15-P.Mahomes pass incomplete short right to 10-I.Pacheco.,KC,BLT,PASS,4,2,14,30,7,7,3,3,1,20,76,4,0,0,0,0,0,0,,0,,,,00-0033873,0,0,SR,00-0037197,,11,,,,,,,,,,,,,,,,0,,,,,,,0,,,,0,,,0,,,,0,,,0,,NA
6449,1058032,Timeout #1 by KC at 14:26.,NA,NA,NOPL,0,2,14,26,0,0,0,0,0,0,NA,1,0,0,0,0,0,0,,0,,,,,0,0,,,,,,,,,,,,,,,,,,,,0,,,,,,,0,,,,0,,,0,,,,0,,,0,,NA
6449,1058033,(14:26) 15-P.Mahomes pass short middle to 83-N.Gray to BLT 13 for 11 yards (0-R.Smith; 14-K.Hamilton).,KC,BLT,PASS,42,2,14,26,7,7,2,3,2,20,76,4,11,1,0,0,0,0,,0,,,,00-0033873,1,0,SM,00-0036637,,10,00-0034874,00-0038038,,,,,,,,,,,,,,0,,,,,,,0,,,,0,,,0,,,,0,,,0,,NA
6449,1058034,(13:44) (Shotgun) 15-P.Mahomes pass incomplete short left to 9-J.Smith-Schuster (32-M.Williams) [99-O.Oweh].,KC,BLT,PASS,4,2,13,44,7,7,2,3,3,9,87,5,0,0,0,1,0,0,,0,,,,00-0033873,0,0,SL,00-0033857,00-0033894,13,,,,,,,,,,,,,,,,0,,,,,,,0,,,,0,,,0,,,,0,,,0,,NA
6449,1058035,"(13:40) 7-H.Butker 32 yard field goal is GOOD, Center-41-J.Winchester, Holder-14-M.Araiza.",KC,BLT,FGXP,3,2,13,40,7,7,2,3,4,9,87,5,0,1,0,0,0,3,,0,,,,,0,0,,,,,,,,,,,,,,,,,,,,0,,,,FG,00-0033303,32,1,,,,0,,,0,,,,0,,,0,,NA
6449,1058036,"7-H.Butker kicks 65 yards from KC 35 to end zone, Touchback to the BLT 30.",BLT,KC,KOFF,0,2,13,37,7,10,3,2,0,0,65,4,0,1,0,0,0,0,,0,,,,,0,0,,,,,,,,,,,,,,,,,,,,0,,,,,,,0,,,,0,,,0,00-0033303,65,65,1,,0,0,,NA
6449,1058037,(13:37) (Shotgun) 8-L.Jackson pass short left to 4-Z.Flowers to BLT 37 for 7 yards (27-C.Conner).,BLT,KC,PASS,38,2,13,37,7,10,3,2,1,10,30,2,7,1,0,1,0,0,,0,,,,00-0034796,1,0,SL,00-0039064,,-3,00-0038982,,,,,,,,,,,,,,,0,,,,,,,0,,,,0,,,0,,,,0,,,0,,NA
6449,1058038,(12:59) (Shotgun) 22-D.Henry left guard to BLT 43 for 6 yards (23-D.Tranquill).,BLT,KC,RUSH,42,2,12,59,7,10,3,2,2,3,37,2,6,1,1,1,0,0,00-0032764,0,LG,00-0035262,,,0,0,,,,,,,,,,,,,,,,,,,,0,,,,,,,0,,,,0,,,0,,,,0,,,0,,NA
6449,1058039,(12:17) 8-L.Jackson pass short right to 80-I.Likely to BLT 48 for 5 yards (27-C.Conner).,BLT,KC,PASS,41,2,12,17,7,10,3,2,1,10,43,3,5,1,0,0,0,0,,0,,,,00-0034796,1,0,SR,00-0037838,,-2,00-0038982,,,,,,,,,,,,,,,0,,,,,,,0,,,,0,,,0,,,,0,,,0,,NA
6449,1058040,"(11:36) (Shotgun) 8-L.Jackson pass short left to 4-Z.Flowers to KC 48 for 4 yards (98-T.Wharton; 22-T.McDuffie).PENALTY on BLT-7-R.Bateman, Offensive Pass Interference, 10 yards, enforced at BLT 48 - No Play.",BLT,KC,NOPL,23,2,11,36,7,10,3,2,2,5,48,3,0,0,0,1,0,0,,0,,,,00-0034796,0,0,,,,0,,,,,BLT,00-0036550,Offensive Pass Interference,-10,NA,,,,,,,0,,,,,,,0,,,,0,,,0,,,,0,,,0,,NA
6449,1058041,"(11:13) (Shotgun) 8-L.Jackson right guard to BLT 43 for 5 yards (20-J.Reid, 23-D.Tranquill).",BLT,KC,RUSH,45,2,11,13,7,10,3,2,2,15,38,2,5,0,0,1,0,0,00-0034796,0,RG,00-0034361,00-0035262,,0,0,,,,,,,,,,,,,,,,,,,,0,,,,,,,0,,,,0,,,0,,,,0,,,0,,NA
6449,1058042,(10:28) (Shotgun) 8-L.Jackson scrambles right end pushed ob at 50 for 7 yards (35-Ja.Watson; 32-N.Bolton).,BLT,KC,RUSH,43,2,10,28,7,10,3,2,3,10,43,3,7,0,0,1,0,0,00-0034796,0,RE,00-0037195,00-0036621,,0,0,,,,,,,,,,,,,,,,,,,,0,,,,,,,0,,,,0,,,0,,,,0,,,0,,NA
6449,1058043,(9:45) (Shotgun) 8-L.Jackson pass short right to 4-Z.Flowers to KC 49 for 1 yard (22-T.McDuffie).,BLT,KC,PASS,6,2,9,45,7,10,3,2,4,3,50,3,1,0,0,1,0,0,,0,,,,00-0034796,1,0,SR,00-0039064,,-1,00-0037191,,,,,,,,,,,,,,,0,,,,,,,0,,,,0,,,0,,,,0,,,0,,NA
6449,1058044,(9:39) 10-I.Pacheco right tackle to BLT 49 for 2 yards (58-M.Pierce; 23-T.Simpson).,KC,BLT,RUSH,37,2,9,39,10,7,2,3,1,10,49,3,2,0,0,0,0,0,00-0037197,0,RT,00-0032574,00-0038504,,0,0,,,,,,,,,,,,,,,,,,,,0,,,,,,,0,,,,0,,,0,,,,0,,,0,,NA
6449,1058045,(9:02) (Shotgun) 15-P.Mahomes pass short left to 87-T.Kelce to BLT 48 for 1 yard (44-M.Humphrey).,KC,BLT,PASS,42,2,9,2,10,7,2,3,2,8,51,3,1,0,0,1,0,0,,0,,,,00-0033873,1,0,SL,00-0030506,,-1,00-0033281,,,,,,,,,,,,,,,0,,,,,,,0,,,,0,,,0,,,,0,,,0,,NA
6449,1058046,"(8:20) (Shotgun) PENALTY on KC-74-J.Taylor, False Start, 5 yards, enforced at BLT 48 - No Play.",KC,BLT,NOPL,15,2,8,20,10,7,2,3,3,7,52,3,0,0,0,1,0,0,,0,,,,,0,0,,,,,,,,,KC,00-0035237,False Start,-5,NA,,,,,,,0,,,,,,,0,,,,0,,,0,,,,0,,,0,,NA
6449,1058047,(8:05) (Shotgun) 15-P.Mahomes pass deep right to 87-T.Kelce to BLT 30 for 23 yards (21-B.Stephens).,KC,BLT,PASS,50,2,8,5,10,7,2,3,3,12,47,3,23,1,1,1,0,0,,0,,,,00-0033873,1,0,DR,00-0030506,,20,00-0036987,,,,,,,,,,,,,,,0,,,,,,,0,,,,0,,,0,,,,0,,,0,,NA
6449,1058048,(7:15) (Shotgun) 15-P.Mahomes pass short right to 1-X.Worthy to BLT 18 for 12 yards (21-B.Stephens).,KC,BLT,PASS,40,2,7,15,10,7,2,3,1,10,70,4,12,1,1,1,0,0,,0,,,,00-0033873,1,0,SR,00-0039894,,3,00-0036987,,,,,,,,,,,,,,,0,,,,,,,0,,,,0,,,0,,,,0,,,0,,NA
6449,1058049,(6:35) (Shotgun) 10-I.Pacheco left guard to BLT 13 for 5 yards (0-R.Smith).,KC,BLT,RUSH,39,2,6,35,10,7,2,3,1,10,82,5,5,1,0,1,0,0,00-0037197,0,LG,00-0034874,,,0,0,,,,,,,,,,,,,,,,,,,,0,,,,,,,0,,,,0,,,0,,,,0,,,0,,NA
6449,1058050,(5:56) (Shotgun) 15-P.Mahomes pass incomplete short middle to 87-T.Kelce.,KC,BLT,PASS,3,2,5,56,10,7,2,3,2,5,87,5,0,0,0,1,0,0,,0,,,,00-0033873,0,0,SM,00-0030506,,3,,,,,,,,,,,,,,,,0,,,,,,,0,,,,0,,,0,,,,0,,,0,,NA
6449,1058051,(5:53) (Shotgun) 15-P.Mahomes pass incomplete short right to 1-X.Worthy (29-A.Washington) [92-N.Madubuike].,KC,BLT,PASS,6,2,5,53,10,7,2,3,3,5,87,5,0,0,0,1,0,0,,0,,,,00-0033873,0,0,SR,00-0039894,00-0036587,13,,,,,,,,,,,,,,,,0,,,,,,,0,,,,0,,,0,,,,0,,,0,,NA
6449,1058052,"(5:47) 7-H.Butker 31 yard field goal is GOOD, Center-41-J.Winchester, Holder-14-M.Araiza.",KC,BLT,FGXP,3,2,5,47,10,7,2,3,4,5,87,5,0,1,0,0,0,3,,0,,,,,0,0,,,,,,,,,,,,,,,,,,,,0,,,,FG,00-0033303,31,1,,,,0,,,0,,,,0,,,0,,NA
6449,1058053,"7-H.Butker kicks 65 yards from KC 35 to end zone, Touchback to the BLT 30.",BLT,KC,KOFF,0,2,5,44,7,13,3,2,0,0,65,4,0,1,0,0,0,0,,0,,,,,0,0,,,,,,,,,,,,,,,,,,,,0,,,,,,,0,,,,0,,,0,00-0033303,65,65,1,,0,0,,NA
6449,1058054,"(5:44) (Shotgun) 8-L.Jackson pass incomplete short middle to 4-Z.Flowers.PENALTY on KC-23-D.Tranquill, Defensive Pass Interference, 5 yards, enforced at BLT 30 - No Play.",BLT,KC,NOPL,4,2,5,44,7,13,3,2,1,10,30,2,0,1,1,1,0,0,,0,,,,00-0034796,0,0,,,,0,,,,,KC,00-0035262,Defensive Pass Interference,5,NA,,,,,,,0,,,,,,,0,,,,0,,,0,,,,0,,,0,,NA
6449,1058055,(5:40) 4-Z.Flowers right end to BLT 41 for 6 yards (56-G.Karlaftis).,BLT,KC,RUSH,37,2,5,40,7,13,3,2,1,10,35,2,6,1,0,0,0,0,00-0039064,0,RE,00-0037192,,,0,0,,,,,,,,,,,,,,,,,,,,0,,,,,,,0,,,,0,,,0,,,,0,,,0,,NA
6449,1058056,"(5:03) 22-D.Henry right guard to 50 for 9 yards (20-J.Reid).Penalty on KC-95-C.Jones, Defensive Offside, declined.",BLT,KC,RUSH,27,2,5,3,7,13,3,2,2,4,41,3,9,1,1,0,0,0,00-0032764,0,RG,00-0034361,,,0,0,,,,,,,,,,,,,,,,,,,,0,,,,,,,0,,,,0,,,0,,,,0,,,0,,NA
6449,1058057,(4:36) (Shotgun) 8-L.Jackson scrambles up the middle to KC 37 for 13 yards (35-Ja.Watson).,BLT,KC,RUSH,50,2,4,36,7,13,3,2,1,10,50,3,13,1,1,1,0,0,00-0034796,0,RM,00-0037195,,,0,0,,,,,,,,,,,,,,,,,,,,0,,,,,,,0,,,,0,,,0,,,,0,,,0,,NA
6449,1058058,"(3:46) (Shotgun) PENALTY on BLT, Delay of Game, 5 yards, enforced at KC 37 - No Play.",BLT,KC,NOPL,20,2,3,46,7,13,3,2,1,10,63,4,0,0,0,1,0,0,,0,,,,,0,0,,,,,,,,,BLT,,Delay of Game,-5,NA,,,,,,,0,,,,,,,0,,,,0,,,0,,,,0,,,0,,NA
6449,1058059,(3:26) (Shotgun) 8-L.Jackson right end to KC 39 for 3 yards (54-L.Chenal).,BLT,KC,RUSH,45,2,3,26,7,13,3,2,1,15,58,3,3,0,0,1,0,0,00-0034796,0,RE,00-0037819,,,0,0,,,,,,,,,,,,,,,,,,,,0,,,,,,,0,,,,0,,,0,,,,0,,,0,,NA
6449,1058060,"(2:41) (Shotgun) 8-L.Jackson pass short right to 89-M.Andrews to KC 30 for 9 yards (23-D.Tranquill; 22-T.McDuffie).PENALTY on BLT-79-R.Stanley, Illegal Formation, 5 yards, enforced at KC 39 - No Play.",BLT,KC,NOPL,20,2,2,41,7,13,3,2,2,12,61,4,0,0,0,1,0,0,,0,,,,00-0034796,0,0,,,,0,,,,,BLT,00-0032965,Illegal Formation,-5,NA,,,,,,,0,,,,,,,0,,,,0,,,0,,,,0,,,0,,NA
6449,1058061,(2:21) (Shotgun) 8-L.Jackson pass short left to 4-Z.Flowers to KC 35 for 9 yards (32-N.Bolton).,BLT,KC,PASS,21,2,2,21,7,13,3,2,2,17,56,3,9,1,0,1,0,0,,0,,,,00-0034796,1,0,SL,00-0039064,,-2,00-0036621,,,,,,,,,,,,,,,0,,,,,,,0,,,,0,,,0,,,,0,,,0,,NA
6449,1058062,(2:00) (Shotgun) 8-L.Jackson pass incomplete short right to 7-R.Bateman [56-G.Karlaftis].,BLT,KC,PASS,5,2,2,0,7,13,3,2,3,8,65,4,0,0,0,1,0,0,,0,,,,00-0034796,0,0,SR,00-0036550,,1,,,,,,,,,,,,,,,,0,,,,,,,0,,,,0,,,0,,,,0,,,0,,NA
6449,1058063,"(1:55) 9-J.Tucker 53 yard field goal is No Good, Wide Left, Center-46-N.Moore, Holder-11-J.Stout.",BLT,KC,FGXP,5,2,1,55,7,13,3,2,4,8,65,4,0,0,0,0,0,0,,0,,,,,0,0,,,,,,,,,,,,,,,,,,,,0,,,,FG,00-0029597,53,0,,,,0,,,0,,,,0,,,0,,NA
6449,1058064,(1:50) (Shotgun) 15-P.Mahomes pass short middle intended for 4-R.Rice INTERCEPTED by 0-R.Smith at BLT 49. 0-R.Smith to BLT 49 for no gain (4-R.Rice).,KC,BLT,PASS,6,2,1,50,13,7,2,3,1,10,43,3,0,0,0,1,0,0,,0,,,,00-0033873,0,0,SM,00-0039067,00-0034874,8,00-0039067,,,,,,,,,00-0034874,0,,,,,0,,,,,,,0,,,,0,,,0,,,,0,,,0,,NA
6449,1058065,(1:44) (Shotgun) 8-L.Jackson pass short left to 43-J.Hill pushed ob at KC 44 for 7 yards (6-B.Cook).,BLT,KC,PASS,8,2,1,44,7,13,3,2,1,10,49,3,7,1,0,1,0,0,,0,,,,00-0034796,1,0,SL,00-0034975,,-6,00-0037193,,,,,,,,,,,,,,,0,,,,,,,0,,,,0,,,0,,,,0,,,0,,NA
6449,1058066,(1:36) (Shotgun) 8-L.Jackson scrambles left guard to KC 34 for 10 yards (27-C.Conner).,BLT,KC,RUSH,33,2,1,36,7,13,3,2,2,3,56,3,10,1,1,1,0,0,00-0034796,0,LG,00-0038982,,,0,0,,,,,,,,,,,,,,,,,,,,0,,,,,,,0,,,,0,,,0,,,,0,,,0,,NA
6449,1058067,(1:03) (Shotgun) 8-L.Jackson scrambles left end to KC 28 for 6 yards (51-M.Danna).,BLT,KC,RUSH,31,2,1,3,7,13,3,2,1,10,66,4,6,1,0,1,0,0,00-0034796,0,LE,00-0036378,,,0,0,,,,,,,,,,,,,,,,,,,,0,,,,,,,0,,,,0,,,0,,,,0,,,0,,NA
6449,1058068,"(:32) (No Huddle, Shotgun) 8-L.Jackson pass short right to 80-I.Likely ran ob at KC 19 for 9 yards (22-T.McDuffie; 56-G.Karlaftis).",BLT,KC,PASS,5,2,0,32,7,13,3,2,2,4,72,4,9,1,1,1,1,0,,0,,,,00-0034796,1,0,SR,00-0037838,,3,00-0037191,00-0037192,,,,,,,,,,,,,,0,,,,,,,0,,,,0,,,0,,,,0,,,0,,NA
6449,1058069,Timeout #1 by BLT at 00:27.,NA,NA,NOPL,0,2,0,27,0,0,0,0,0,0,NA,1,0,0,0,0,0,0,,0,,,,,0,0,,,,,,,,,,,,,,,,,,,,0,,,,,,,0,,,,0,,,0,,,,0,,,0,,NA
6449,1058070,(:27) (Shotgun) 8-L.Jackson pass short right to 80-I.Likely to KC 10 for 9 yards (23-D.Tranquill).,BLT,KC,PASS,6,2,0,27,7,13,2,2,1,10,81,5,9,1,0,1,0,0,,0,,,,00-0034796,1,0,SR,00-0037838,,3,00-0035262,,,,,,,,,,,,,,,0,,,,,,,0,,,,0,,,0,,,,0,,,0,,NA
6449,1058071,Timeout #2 by BLT at 00:21.,NA,NA,NOPL,0,2,0,21,0,0,0,0,0,0,NA,1,0,0,0,0,0,0,,0,,,,,0,0,,,,,,,,,,,,,,,,,,,,0,,,,,,,0,,,,0,,,0,,,,0,,,0,,NA
6449,1058072,(:21) (Shotgun) 8-L.Jackson pass incomplete short right to 4-Z.Flowers.,BLT,KC,PASS,3,2,0,21,7,13,1,2,2,1,90,5,0,0,0,1,0,0,,0,,,,00-0034796,0,0,SR,00-0039064,,4,,,,,,,,,,,,,,,,0,,,,,,,0,,,,0,,,0,,,,0,,,0,,NA
6449,1058073,(:18) 43-J.Hill right end to KC 7 for 3 yards (32-N.Bolton; 54-L.Chenal).,BLT,KC,RUSH,5,2,0,18,7,13,1,2,3,1,90,5,3,1,1,0,0,0,00-0034975,0,RE,00-0036621,00-0037819,,0,0,,,,,,,,,,,,,,,,,,,,0,,,,,,,0,,,,0,,,0,,,,0,,,0,,NA
6449,1058074,Timeout #3 by BLT at 00:13.,NA,NA,NOPL,0,2,0,13,0,0,0,0,0,0,NA,1,0,0,0,0,0,0,,0,,,,,0,0,,,,,,,,,,,,,,,,,,,,0,,,,,,,0,,,,0,,,0,,,,0,,,0,,NA
6449,1058075,(:13) (Shotgun) 8-L.Jackson pass incomplete short left to 43-J.Hill (54-L.Chenal).,BLT,KC,PASS,4,2,0,13,7,13,0,2,1,7,93,5,0,0,0,1,0,0,,0,,,,00-0034796,0,0,SL,00-0034975,00-0037819,-2,,,,,,,,,,,,,,,,0,,,,,,,0,,,,0,,,0,,,,0,,,0,,NA
6449,1058076,Timeout #2 by KC at 00:09.,NA,NA,NOPL,0,2,0,9,0,0,0,0,0,0,NA,1,0,0,0,0,0,0,,0,,,,,0,0,,,,,,,,,,,,,,,,,,,,0,,,,,,,0,,,,0,,,0,,,,0,,,0,,NA
6449,1058077,(:09) (Shotgun) 8-L.Jackson pass incomplete short right to 43-J.Hill.,BLT,KC,PASS,4,2,0,9,7,13,0,1,2,7,93,5,0,0,0,1,0,0,,0,,,,00-0034796,0,0,SR,00-0034975,,-3,,,,,,,,,,,,,,,,0,,,,,,,0,,,,0,,,0,,,,0,,,0,,NA
6449,1058078,"(:05) 9-J.Tucker 25 yard field goal is GOOD, Center-46-N.Moore, Holder-11-J.Stout.",BLT,KC,FGXP,2,2,0,5,7,13,0,1,3,7,93,5,0,1,0,0,0,3,,0,,,,,0,0,,,,,,,,,,,,,,,,,,,,0,,,,FG,00-0029597,25,1,,,,0,,,0,,,,0,,,0,,NA
6449,1058079,"9-J.Tucker kicks 65 yards from BLT 35 to end zone, Touchback to the KC 30.",KC,BLT,KOFF,0,2,0,3,13,10,1,0,0,0,65,4,0,0,0,0,0,0,,0,,,,,0,0,,,,,,,,,,,,,,,,,,,,0,,,,,,,0,,,,0,,,0,00-0029597,65,65,1,,0,0,,NA
6449,1058080,(:03) 15-P.Mahomes kneels to KC 29 for -1 yards.,KC,BLT,RUSH,3,2,0,3,13,10,1,0,1,10,30,2,-1,0,0,0,0,0,00-0033873,1,,,,,0,0,,,,,,,,,,,,,,,,,,,,0,,,,,,,0,,,,0,,,0,,,,0,,,0,,NA
6449,1058081,"9-J.Tucker kicks 65 yards from BLT 35 to KC 0. 17-M.Hardman to KC 31 for 31 yards (51-J.Ross).PENALTY on KC-43-J.Cochrane, Offensive Holding, 10 yards, enforced at KC 29.",KC,BLT,KOFF,6,3,15,0,13,10,3,3,0,0,65,4,0,0,0,0,0,0,,0,,,,,0,0,,,,,,,,,KC,00-0037208,Offensive Holding,-10,NA,,,,,,,0,,,,,,,0,,,,0,,,0,00-0029597,65,36,0,00-0035140,29,0,,NA
6449,1058082,(14:54) (Shotgun) 10-I.Pacheco right end to KC 24 for 5 yards (53-K.Van Noy).,KC,BLT,RUSH,41,3,14,54,13,10,3,3,1,10,19,1,5,0,0,1,0,0,00-0037197,0,RE,00-0031360,,,0,0,,,,,,,,,,,,,,,,,,,,0,,,,,,,0,,,,0,,,0,,,,0,,,0,,NA
6449,1058083,"(14:13) (Shotgun) 15-P.Mahomes pass short middle to 4-R.Rice to BLT 43 for 33 yards (5-J.Armour-Davis, 32-M.Williams).",KC,BLT,PASS,43,3,14,13,13,10,3,3,2,5,24,2,33,1,1,1,0,0,,0,,,,00-0033873,1,0,SM,00-0039067,,13,00-0038119,00-0033894,,,,,,,,,,,,,,0,,,,,,,0,,,,0,,,0,,,,0,,,0,,NA
6449,1058084,Timeout #1 by BLT at 13:30.,NA,NA,NOPL,0,3,13,30,0,0,0,0,0,0,NA,1,0,0,0,0,0,0,,0,,,,,0,0,,,,,,,,,,,,,,,,,,,,0,,,,,,,0,,,,0,,,0,,,,0,,,0,,NA
6449,1058085,(13:30) (Shotgun) 15-P.Mahomes pass short middle to 84-Ju.Watson to BLT 18 for 25 yards (23-T.Simpson).,KC,BLT,PASS,45,3,13,30,13,10,3,2,1,10,57,3,25,1,1,1,0,0,,0,,,,00-0033873,1,0,SM,00-0034386,,15,00-0038504,,,,,,,,,,,,,,,0,,,,,,,0,,,,0,,,0,,,,0,,,0,,NA
6449,1058086,"(12:45) (Shotgun) 10-I.Pacheco left guard to BLT 9 for 9 yards (32-M.Williams).PENALTY on KC-76-K.Suamataia, Offensive Holding, 10 yards, enforced at BLT 18 - No Play.",KC,BLT,NOPL,18,3,12,45,13,10,3,2,1,10,82,5,0,0,0,1,0,0,,0,,,,,0,0,,,,,,,,,KC,00-0039844,Offensive Holding,-10,NA,,,,,,,0,,,,,,,0,,,,0,,,0,,,,0,,,0,,NA
6449,1058087,(12:27) (Shotgun) 15-P.Mahomes pass incomplete short middle to 4-R.Rice (23-T.Simpson).,KC,BLT,PASS,4,3,12,27,13,10,3,2,1,20,72,4,0,0,0,1,0,0,,0,,,,00-0033873,0,0,SM,00-0039067,00-0038504,10,,,,,,,,,,,,,,,,0,,,,,,,0,,,,0,,,0,,,,0,,,0,,NA
6449,1058088,"(12:23) (Shotgun) 15-P.Mahomes pass incomplete short left to 9-J.Smith-Schuster. BLT-53-K.Van Noy was injured during the play. PENALTY on BLT-92-N.Madubuike, Roughing the Passer, 14 yards, enforced at BLT 28 - No Play.",KC,BLT,NOPL,4,3,12,23,13,10,3,2,2,20,72,4,0,1,1,1,0,0,,0,,,,00-0033873,0,0,,,,0,,,,,BLT,00-0036130,Roughing the Passer,14,NA,,,,,,,0,,,,,,,0,,,,0,,,0,,,,0,,,0,,NA
6449,1058089,"(12:19) (Shotgun) 15-P.Mahomes pass short right to 83-N.Gray to BLT 1 for 13 yards (32-M.Williams, 44-M.Humphrey).",KC,BLT,PASS,41,3,12,19,13,10,3,2,1,10,86,5,13,1,1,1,0,0,,0,,,,00-0033873,1,0,SR,00-0036637,,-2,00-0033894,00-0033281,,,,,,,,,,,,,,0,,,,,,,0,,,,0,,,0,,,,0,,,0,,NA
6449,1058090,"(11:38) (Shotgun) 10-I.Pacheco right guard for 1 yard, TOUCHDOWN.",KC,BLT,RUSH,10,3,11,38,13,10,3,2,1,1,99,5,1,1,1,1,0,6,00-0037197,0,RG,,,,0,0,,,,,,,,,,,,,,,,,,,,0,,,,,,,0,,,,0,,,0,,,,0,,,1,RUSH,NA
6449,1058091,"7-H.Butker extra point is GOOD, Center-41-J.Winchester, Holder-14-M.Araiza.",KC,BLT,FGXP,0,3,11,28,19,10,3,2,0,0,85,5,0,1,0,0,0,1,,0,,,,,0,0,,,,,,,,,,,,,,,,,,,,0,,,,XP,00-0033303,33,1,,,,0,,,0,,,,0,,,0,,NA
6449,1058092,"7-H.Butker kicks 65 yards from KC 35 to end zone, Touchback to the BLT 30.",BLT,KC,KOFF,0,3,11,28,10,20,2,3,0,0,65,4,0,1,0,0,0,0,,0,,,,,0,0,,,,,,,,,,,,,,,,,,,,0,,,,,,,0,,,,0,,,0,00-0033303,65,65,1,,0,0,,NA
6449,1058093,(11:28) (Shotgun) 8-L.Jackson pass incomplete short right to 4-Z.Flowers.,BLT,KC,PASS,4,3,11,28,10,20,2,3,1,10,30,2,0,0,0,1,0,0,,0,,,,00-0034796,0,0,SR,00-0039064,,-2,,,,,,,,,,,,,,,,0,,,,,,,0,,,,0,,,0,,,,0,,,0,,NA
6449,1058094,(11:24) 8-L.Jackson pass short left to 4-Z.Flowers to BLT 28 for -2 yards (97-F.Anudike-Uzomah).,BLT,KC,PASS,39,3,11,24,10,20,2,3,2,10,30,2,-2,0,0,0,0,0,,0,,,,00-0034796,1,0,SL,00-0039064,,-6,00-0039006,,,,,,,,,,,,,,,0,,,,,,,0,,,,0,,,0,,,,0,,,0,,NA
6449,1058095,(10:45) (Shotgun) 8-L.Jackson pass short left to 43-J.Hill ran ob at BLT 45 for 17 yards (2-J.Williams).,BLT,KC,PASS,42,3,10,45,10,20,2,3,3,12,28,2,17,1,1,1,0,0,,0,,,,00-0034796,1,0,SL,00-0034975,,3,00-0038043,,,,,,,,,,,,,,,0,,,,,,,0,,,,0,,,0,,,,0,,,0,,NA
6449,1058096,(10:03) (Shotgun) 8-L.Jackson pass short left to 89-M.Andrews to KC 44 for 11 yards (20-J.Reid).,BLT,KC,PASS,39,3,10,3,10,20,2,3,1,10,45,3,11,1,1,1,0,0,,0,,,,00-0034796,1,0,SL,00-0034753,,8,00-0034361,,,,,,,,,,,,,,,0,,,,,,,0,,,,0,,,0,,,,0,,,0,,NA
6449,1058097,"(9:24) 22-D.Henry right guard to KC 45 for -1 yards (54-L.Chenal, 32-N.Bolton).",BLT,KC,RUSH,41,3,9,24,10,20,2,3,1,10,56,3,-1,0,0,0,0,0,00-0032764,0,RG,00-0037819,00-0036621,,0,0,,,,,,,,,,,,,,,,,,,,0,,,,,,,0,,,,0,,,0,,,,0,,,0,,NA
6449,1058098,(8:43) (Shotgun) 8-L.Jackson pass incomplete deep middle to 80-I.Likely.,BLT,KC,PASS,6,3,8,43,10,20,2,3,2,11,55,3,0,0,0,1,0,0,,0,,,,00-0034796,0,0,DM,00-0037838,,38,,,,,,,,,,,,,,,,0,,,,,,,0,,,,0,,,0,,,,0,,,0,,NA
6449,1058099,(8:37) (Shotgun) 8-L.Jackson pass incomplete deep right to 4-Z.Flowers (35-Ja.Watson).,BLT,KC,PASS,6,3,8,37,10,20,2,3,3,11,55,3,0,0,0,1,0,0,,0,,,,00-0034796,0,0,DR,00-0039064,00-0037195,33,,,,,,,,,,,,,,,,0,,,,,,,0,,,,0,,,0,,,,0,,,0,,NA
6449,1058100,"(8:31) 11-J.Stout punts 35 yards to KC 10, Center-46-N.Moore, fair catch by 17-M.Hardman.",BLT,KC,PUNT,7,3,8,31,10,20,2,3,4,11,55,3,0,1,0,0,0,0,,0,,,,,0,0,,,,,,,,,,,,,,,,,,,,0,,,,,,,0,00-0038094,35,35,0,00-0035140,0,1,,,,0,,,0,,NA
6449,1058101,(8:24) (Shotgun) 10-I.Pacheco left end pushed ob at KC 15 for 5 yards (23-T.Simpson).,KC,BLT,RUSH,34,3,8,24,20,10,3,2,1,10,10,1,5,0,0,1,0,0,00-0037197,0,LE,00-0038504,,,0,0,,,,,,,,,,,,,,,,,,,,0,,,,,,,0,,,,0,,,0,,,,0,,,0,,NA
6449,1058102,(7:50) (Shotgun) 10-I.Pacheco right tackle to KC 17 for 2 yards (0-R.Smith).,KC,BLT,RUSH,42,3,7,50,20,10,3,2,2,5,15,1,2,0,0,1,0,0,00-0037197,0,RT,00-0034874,,,0,0,,,,,,,,,,,,,,,,,,,,0,,,,,,,0,,,,0,,,0,,,,0,,,0,,NA
6449,1058103,(7:08) (Shotgun) 15-P.Mahomes pass short right to 87-T.Kelce to KC 27 for 10 yards (14-K.Hamilton).,KC,BLT,PASS,39,3,7,8,20,10,3,2,3,3,17,1,10,1,1,1,0,0,,0,,,,00-0033873,1,0,SR,00-0030506,,5,00-0038038,,,,,,,,,,,,,,,0,,,,,,,0,,,,0,,,0,,,,0,,,0,,NA
6449,1058104,Timeout #2 by BLT at 06:29.,NA,NA,NOPL,0,3,6,29,0,0,0,0,0,0,NA,1,0,0,0,0,0,0,,0,,,,,0,0,,,,,,,,,,,,,,,,,,,,0,,,,,,,0,,,,0,,,0,,,,0,,,0,,NA
6449,1058105,(6:29) (Shotgun) 15-P.Mahomes pass short middle to 4-R.Rice to KC 42 for 15 yards (32-M.Williams).,KC,BLT,PASS,36,3,6,29,20,10,3,1,1,10,27,2,15,1,1,1,0,0,,0,,,,00-0033873,1,0,SM,00-0039067,,4,00-0033894,,,,,,,,,,,,,,,0,,,,,,,0,,,,0,,,0,,,,0,,,0,,NA
6449,1058106,(5:53) (Shotgun) 10-I.Pacheco left guard to KC 45 for 3 yards (40-M.Harrison).,KC,BLT,RUSH,35,3,5,53,20,10,3,1,1,10,42,3,3,0,0,1,0,0,00-0037197,0,LG,00-0036280,,,0,0,,,,,,,,,,,,,,,,,,,,0,,,,,,,0,,,,0,,,0,,,,0,,,0,,NA
6449,1058107,(5:18) (Shotgun) 15-P.Mahomes pass short right to 34-S.Perine to BLT 45 for 10 yards (98-T.Jones).,KC,BLT,PASS,40,3,5,18,20,10,3,1,2,7,45,3,10,1,1,1,0,0,,0,,,,00-0033873,1,0,SR,00-0033526,,-3,00-0037756,,,,,,,,,,,,,,,0,,,,,,,0,,,,0,,,0,,,,0,,,0,,NA
6449,1058108,"(4:38) 42-C.Steele left guard to BLT 40 for 5 yards (58-M.Pierce, 40-M.Harrison).",KC,BLT,RUSH,42,3,4,38,20,10,3,1,1,10,55,3,5,0,0,0,0,0,00-0039325,0,LG,00-0032574,00-0036280,,0,0,,,,,,,,,,,,,,,,,,,,0,,,,,,,0,,,,0,,,0,,,,0,,,0,,NA
6449,1058109,(3:56) (Shotgun) 15-P.Mahomes pass incomplete short right.,KC,BLT,PASS,6,3,3,56,20,10,3,1,2,5,60,4,0,0,0,1,0,0,,0,,,,00-0033873,0,0,SR,,,5,,,,,,,,,,,,,,,,0,,,,,,,0,,,,0,,,0,,,,0,,,0,,NA
6449,1058110,(3:50) (Shotgun) 15-P.Mahomes pass incomplete short left to 34-S.Perine.,KC,BLT,PASS,4,3,3,50,20,10,3,1,3,5,60,4,0,0,0,1,0,0,,0,,,,00-0033873,0,0,SL,00-0033526,,-1,,,,,,,,,,,,,,,,0,,,,,,,0,,,,0,,,0,,,,0,,,0,,NA
6449,1058111,"(3:46) 14-M.Araiza punts 40 yards to end zone, Center-41-J.Winchester, Touchback.",KC,BLT,PUNT,9,3,3,46,20,10,3,1,4,5,60,4,0,0,0,0,0,0,,0,,,,,0,0,,,,,,,,,,,,,,,,,,,,0,,,,,,,0,00-0037284,40,40,1,,0,0,,,,0,,,0,,NA
6449,1058112,(3:37) (Shotgun) 8-L.Jackson pass incomplete short left to 22-D.Henry.,BLT,KC,PASS,4,3,3,37,10,20,1,3,1,10,20,2,0,0,0,1,0,0,,0,,,,00-0034796,0,0,SL,00-0032764,,-4,,,,,,,,,,,,,,,,0,,,,,,,0,,,,0,,,0,,,,0,,,0,,NA
6449,1058113,"(3:33) 8-L.Jackson pass short right to 7-R.Bateman to BLT 35 for 15 yards (20-J.Reid, 35-Ja.Watson).",BLT,KC,PASS,37,3,3,33,10,20,1,3,2,10,20,2,15,1,1,0,0,0,,0,,,,00-0034796,1,0,SR,00-0036550,,12,00-0034361,00-0037195,,,,,,,,,,,,,,0,,,,,,,0,,,,0,,,0,,,,0,,,0,,NA
6449,1058114,(2:56) (Shotgun) 22-D.Henry right guard to BLT 41 for 6 yards (51-M.Danna).,BLT,KC,RUSH,40,3,2,56,10,20,1,3,1,10,35,2,6,1,0,1,0,0,00-0032764,0,RG,00-0036378,,,0,0,,,,,,,,,,,,,,,,,,,,0,,,,,,,0,,,,0,,,0,,,,0,,,0,,NA
6449,1058115,(2:16) 22-D.Henry right end to BLT 42 for 1 yard (98-T.Wharton).,BLT,KC,RUSH,46,3,2,16,10,20,1,3,2,4,41,3,1,0,0,0,0,0,00-0032764,0,RE,00-0035890,,,0,0,,,,,,,,,,,,,,,,,,,,0,,,,,,,0,,,,0,,,0,,,,0,,,0,,NA
6449,1058116,(1:30) (Shotgun) 8-L.Jackson scrambles right guard to KC 42 for 16 yards (6-B.Cook).,BLT,KC,RUSH,44,3,1,30,10,20,1,3,3,3,42,3,16,1,1,1,0,0,00-0034796,0,RG,00-0037193,,,0,0,,,,,,,,,,,,,,,,,,,,0,,,,,,,0,,,,0,,,0,,,,0,,,0,,NA
6449,1058117,"(:46) (Shotgun) 8-L.Jackson scrambles right end ran ob at KC 13 for 29 yards (22-T.McDuffie).PENALTY on BLT-64-T.Linderbaum, Offensive Holding, 10 yards, enforced at KC 42 - No Play.",BLT,KC,NOPL,35,3,0,46,10,20,1,3,1,10,58,3,0,0,0,1,0,0,,0,,,,00-0034796,0,0,,,,0,,,,,BLT,00-0037825,Offensive Holding,-10,NA,,,,,,,0,,,,,,,0,,,,0,,,0,,,,0,,,0,,NA
6449,1058118,(:11) (Shotgun) 8-L.Jackson right end to KC 49 for 3 yards (35-Ja.Watson).,BLT,KC,RUSH,11,3,0,11,10,20,1,3,1,20,48,3,3,0,0,1,0,0,00-0034796,0,RE,00-0037195,,,0,0,,,,,,,,,,,,,,,,,,,,0,,,,,,,0,,,,0,,,0,,,,0,,,0,,NA
6449,1058119,"(15:00) (Shotgun) 8-L.Jackson pass deep right to 80-I.Likely for 49 yards, TOUCHDOWN.",BLT,KC,PASS,13,4,15,0,10,20,1,3,2,17,51,3,49,1,1,1,0,6,,0,,,,00-0034796,1,0,DR,00-0037838,,19,,,,,,,,,,,,,,,,0,,,,,,,0,,,,0,,,0,,,,0,,,1,REC,NA
6449,1058120,"9-J.Tucker extra point is GOOD, Center-46-N.Moore, Holder-11-J.Stout.",BLT,KC,FGXP,0,4,14,47,16,20,1,3,0,0,85,5,0,1,0,0,0,1,,0,,,,,0,0,,,,,,,,,,,,,,,,,,,,0,,,,XP,00-0029597,33,1,,,,0,,,0,,,,0,,,0,,NA
6449,1058121,"9-J.Tucker kicks 65 yards from BLT 35 to end zone, Touchback to the KC 30.",KC,BLT,KOFF,0,4,14,47,20,17,3,1,0,0,65,4,0,1,0,0,0,0,,0,,,,,0,0,,,,,,,,,,,,,,,,,,,,0,,,,,,,0,,,,0,,,0,00-0029597,65,65,1,,0,0,,NA
6449,1058122,(14:47) (Shotgun) 15-P.Mahomes pass short right to 4-R.Rice pushed ob at KC 38 for 8 yards (21-B.Stephens).,KC,BLT,PASS,31,4,14,47,20,17,3,1,1,10,30,2,8,1,0,1,0,0,,0,,,,00-0033873,1,0,SR,00-0039067,,5,00-0036987,,,,,,,,,,,,,,,0,,,,,,,0,,,,0,,,0,,,,0,,,0,,NA
6449,1058123,(14:16) (Shotgun) 10-I.Pacheco right guard to KC 41 for 3 yards (58-M.Pierce; 23-T.Simpson).,KC,BLT,RUSH,39,4,14,16,20,17,3,1,2,2,38,2,3,1,1,1,0,0,00-0037197,0,RG,00-0032574,00-0038504,,0,0,,,,,,,,,,,,,,,,,,,,0,,,,,,,0,,,,0,,,0,,,,0,,,0,,NA
6449,1058124,(13:37) 15-P.Mahomes pass short right to 83-N.Gray to BLT 46 for 13 yards (32-M.Williams) [58-M.Pierce].,KC,BLT,PASS,40,4,13,37,20,17,3,1,1,10,41,3,13,1,1,0,0,0,,0,,,,00-0033873,1,0,SR,00-0036637,,13,00-0033894,,,,,,,,,,,,,,,0,,,,,,,0,,,,0,,,0,,,,0,,,0,,NA
6449,1058125,(12:57) 10-I.Pacheco right tackle to BLT 41 for 5 yards (58-M.Pierce).,KC,BLT,RUSH,36,4,12,57,20,17,3,1,1,10,54,3,5,0,0,0,0,0,00-0037197,0,RT,00-0032574,,,0,0,,,,,,,,,,,,,,,,,,,,0,,,,,,,0,,,,0,,,0,,,,0,,,0,,NA
6449,1058126,(12:21) (Shotgun) 10-I.Pacheco left guard to BLT 39 for 2 yards (99-O.Oweh).,KC,BLT,RUSH,41,4,12,21,20,17,3,1,2,5,59,3,2,0,0,1,0,0,00-0037197,0,LG,00-0036940,,,0,0,,,,,,,,,,,,,,,,,,,,0,,,,,,,0,,,,0,,,0,,,,0,,,0,,NA
6449,1058127,(11:40) (Shotgun) 15-P.Mahomes left end pushed ob at BLT 35 for 4 yards (32-M.Williams).,KC,BLT,RUSH,29,4,11,40,20,17,3,1,3,3,61,4,4,1,1,1,0,0,00-0033873,0,LE,00-0033894,,,0,0,,,,,,,,,,,,,,,,,,,,0,,,,,,,0,,,,0,,,0,,,,0,,,0,,NA
6449,1058128,(11:11) (Shotgun) 10-I.Pacheco left end to BLT 35 for no gain (99-O.Oweh).,KC,BLT,RUSH,39,4,11,11,20,17,3,1,1,10,65,4,0,0,0,1,0,0,00-0037197,0,LE,00-0036940,,,0,0,,,,,,,,,,,,,,,,,,,,0,,,,,,,0,,,,0,,,0,,,,0,,,0,,NA
6449,1058129,"(10:32) (Shotgun) 15-P.Mahomes pass deep right to 1-X.Worthy for 35 yards, TOUCHDOWN.",KC,BLT,PASS,7,4,10,32,20,17,3,1,2,10,65,4,35,1,1,1,0,6,,0,,,,00-0033873,1,0,DR,00-0039894,,21,,,,,,,,,,,,,,,,0,,,,,,,0,,,,0,,,0,,,,0,,,1,REC,NA
6449,1058130,"7-H.Butker extra point is GOOD, Center-41-J.Winchester, Holder-14-M.Araiza.",KC,BLT,FGXP,0,4,10,25,26,17,3,1,0,0,85,5,0,1,0,0,0,1,,0,,,,,0,0,,,,,,,,,,,,,,,,,,,,0,,,,XP,00-0033303,33,1,,,,0,,,0,,,,0,,,0,,NA
6449,1058131,"7-H.Butker kicks 65 yards from KC 35 to end zone, Touchback to the BLT 30.",BLT,KC,KOFF,0,4,10,25,17,27,1,3,0,0,65,4,0,1,0,0,0,0,,0,,,,,0,0,,,,,,,,,,,,,,,,,,,,0,,,,,,,0,,,,0,,,0,00-0033303,65,65,1,,0,0,,NA
6449,1058132,(10:25) 4-Z.Flowers right end to BLT 38 for 8 yards (23-D.Tranquill).,BLT,KC,RUSH,39,4,10,25,17,27,1,3,1,10,30,2,8,1,0,0,0,0,00-0039064,0,RE,00-0035262,,,0,0,,,,,,,,,,,,,,,,,,,,0,,,,,,,0,,,,0,,,0,,,,0,,,0,,NA
6449,1058133,(9:46) (Shotgun) 8-L.Jackson pass short left to 80-I.Likely to BLT 42 for 4 yards (6-B.Cook; 51-M.Danna).,BLT,KC,PASS,27,4,9,46,17,27,1,3,2,2,38,2,4,1,1,1,0,0,,0,,,,00-0034796,1,0,SL,00-0037838,,-3,00-0037193,00-0036378,,,,,,,,,,,,,,0,,,,,,,0,,,,0,,,0,,,,0,,,0,,NA
6449,1058134,"(9:19) (No Huddle, Shotgun) 8-L.Jackson left end to KC 49 for 9 yards (98-T.Wharton).",BLT,KC,RUSH,39,4,9,19,17,27,1,3,1,10,42,3,9,1,0,1,1,0,00-0034796,0,LE,00-0035890,,,0,0,,,,,,,,,,,,,,,,,,,,0,,,,,,,0,,,,0,,,0,,,,0,,,0,,NA
6449,1058135,"(8:40) (No Huddle, Shotgun) 22-D.Henry right guard to KC 44 for 5 yards (51-M.Danna).",BLT,KC,RUSH,24,4,8,40,17,27,1,3,2,1,51,3,5,1,1,1,1,0,00-0032764,0,RG,00-0036378,,,0,0,,,,,,,,,,,,,,,,,,,,0,,,,,,,0,,,,0,,,0,,,,0,,,0,,NA
6449,1058136,"(8:16) (No Huddle, Shotgun) 8-L.Jackson right end to KC 31 for 13 yards (35-Ja.Watson; 95-C.Jones).",BLT,KC,RUSH,31,4,8,16,17,27,1,3,1,10,56,3,13,1,1,1,1,0,00-0034796,0,RE,00-0037195,00-0032762,,0,0,,,,,,,,,,,,,,,,,,,,0,,,,,,,0,,,,0,,,0,,,,0,,,0,,NA
6449,1058137,"(7:45) (No Huddle, Shotgun) 8-L.Jackson pass incomplete deep left to 7-R.Bateman.",BLT,KC,PASS,7,4,7,45,17,27,1,3,1,10,69,4,0,0,0,1,1,0,,0,,,,00-0034796,0,0,DL,00-0036550,,31,,,,,,,,,,,,,,,,0,,,,,,,0,,,,0,,,0,,,,0,,,0,,NA
6449,1058138,(7:38) (Shotgun) 8-L.Jackson pass short left to 15-N.Agholor to KC 25 for 6 yards (6-B.Cook).,BLT,KC,PASS,25,4,7,38,17,27,1,3,2,10,69,4,6,1,0,1,0,0,,0,,,,00-0034796,1,0,SL,00-0031549,,6,00-0037193,,,,,,,,,,,,,,,0,,,,,,,0,,,,0,,,0,,,,0,,,0,,NA
6449,1058139,"(7:13) (No Huddle, Shotgun) 8-L.Jackson pass short right to 89-M.Andrews to KC 22 for 3 yards (27-C.Conner).",BLT,KC,PASS,39,4,7,13,17,27,1,3,3,4,75,4,3,0,0,1,1,0,,0,,,,00-0034796,1,0,SR,00-0034753,,3,00-0038982,,,,,,,,,,,,,,,0,,,,,,,0,,,,0,,,0,,,,0,,,0,,NA
6449,1058140,(6:34) 22-D.Henry left guard to KC 20 for 2 yards (20-J.Reid; 69-M.Pennel).,BLT,KC,RUSH,44,4,6,34,17,27,1,3,4,1,78,4,2,1,1,0,0,0,00-0032764,0,LG,00-0034361,00-0030757,,0,0,,,,,,,,,,,,,,,,,,,,0,,,,,,,0,,,,0,,,0,,,,0,,,0,,NA
6449,1058141,(5:50) (Shotgun) 8-L.Jackson scrambles right end ran ob at KC 16 for 4 yards (35-Ja.Watson; 54-L.Chenal).,BLT,KC,RUSH,35,4,5,50,17,27,1,3,1,10,80,5,4,0,0,1,0,0,00-0034796,0,RE,00-0037195,00-0037819,,0,0,,,,,,,,,,,,,,,,,,,,0,,,,,,,0,,,,0,,,0,,,,0,,,0,,NA
6449,1058142,(5:15) (Shotgun) 8-L.Jackson pass incomplete short right.,BLT,KC,PASS,9,4,5,15,17,27,1,3,2,6,84,5,0,0,0,1,0,0,,0,,,,00-0034796,0,0,SR,,,0,,,,,,,,,,,,,,,,0,,,,,,,0,,,,0,,,0,,,,0,,,0,,NA
6449,1058143,"(5:06) (Shotgun) 8-L.Jackson scrambles left guard to KC 14 for 2 yards (54-L.Chenal).Penalty on BLT-7-R.Bateman, Illegal Formation, declined.",BLT,KC,RUSH,8,4,5,6,17,27,1,3,3,6,84,5,2,0,0,1,0,0,00-0034796,0,LG,00-0037819,,,0,0,,,,,,,,,,,,,,,,,,,,0,,,,,,,0,,,,0,,,0,,,,0,,,0,,NA
6449,1058144,"(4:58) 9-J.Tucker 32 yard field goal is GOOD, Center-46-N.Moore, Holder-11-J.Stout.",BLT,KC,FGXP,4,4,4,58,17,27,1,3,4,4,86,5,0,1,0,0,0,3,,0,,,,,0,0,,,,,,,,,,,,,,,,,,,,0,,,,FG,00-0029597,32,1,,,,0,,,0,,,,0,,,0,,NA
6449,1058145,"9-J.Tucker kicks 65 yards from BLT 35 to end zone, Touchback to the KC 30.",KC,BLT,KOFF,0,4,4,54,27,20,3,1,0,0,65,4,0,1,0,0,0,0,,0,,,,,0,0,,,,,,,,,,,,,,,,,,,,0,,,,,,,0,,,,0,,,0,00-0029597,65,65,1,,0,0,,NA
6449,1058146,(4:54) 10-I.Pacheco right tackle to KC 35 for 5 yards (39-E.Jackson).,KC,BLT,RUSH,40,4,4,54,27,20,3,1,1,10,30,2,5,0,0,0,0,0,00-0037197,0,RT,00-0033784,,,0,0,,,,,,,,,,,,,,,,,,,,0,,,,,,,0,,,,0,,,0,,,,0,,,0,,NA
6449,1058147,"(4:14) (Shotgun) PENALTY on KC-74-J.Taylor, False Start, 5 yards, enforced at KC 35 - No Play.",KC,BLT,NOPL,0,4,4,14,27,20,3,1,2,5,35,2,0,0,0,1,0,0,,0,,,,,0,0,,,,,,,,,KC,00-0035237,False Start,-5,NA,,,,,,,0,,,,,,,0,,,,0,,,0,,,,0,,,0,,NA
6449,1058148,"(4:14) (Shotgun) 15-P.Mahomes scrambles right end pushed ob at KC 49 for 19 yards (0-R.Smith).Penalty on KC-4-R.Rice, Offensive Holding, offsetting, enforced at KC 30 - No Play.Penalty on BLT-32-M.Williams, Unnecessary Roughness, offsetting.",KC,BLT,NOPL,8,4,4,14,27,20,3,1,2,10,30,2,0,0,0,1,0,0,,0,,,,00-0033873,0,0,,,,0,,,,,,,,,,,,,,,,0,,,,,,,0,,,,0,,,0,,,,0,,,0,,NA
6449,1058149,(4:06) (Shotgun) 15-P.Mahomes pass short right to 10-I.Pacheco to KC 40 for 10 yards (2-N.Wiggins).,KC,BLT,PASS,37,4,4,6,27,20,3,1,2,10,30,2,10,1,1,1,0,0,,0,,,,00-0033873,1,0,SR,00-0037197,,-3,00-0039232,,,,,,,,,,,,,,,0,,,,,,,0,,,,0,,,0,,,,0,,,0,,NA
6449,1058150,"(3:29) (No Huddle, Shotgun) 10-I.Pacheco right guard to KC 42 for 2 yards (98-T.Jones).",KC,BLT,RUSH,42,4,3,29,27,20,3,1,1,10,40,3,2,0,0,1,1,0,00-0037197,0,RG,00-0037756,,,0,0,,,,,,,,,,,,,,,,,,,,0,,,,,,,0,,,,0,,,0,,,,0,,,0,,NA
6449,1058151,(2:47) 42-C.Steele left end to KC 40 for -2 yards (0-R.Smith).,KC,BLT,RUSH,11,4,2,47,27,20,3,1,2,8,42,3,-2,0,0,0,0,0,00-0039325,0,LE,00-0034874,,,0,0,,,,,,,,,,,,,,,,,,,,0,,,,,,,0,,,,0,,,0,,,,0,,,0,,NA
6449,1058152,Timeout #3 by BLT at 02:36.,NA,NA,NOPL,0,4,2,36,0,0,0,0,0,0,NA,1,0,0,0,0,0,0,,0,,,,,0,0,,,,,,,,,,,,,,,,,,,,0,,,,,,,0,,,,0,,,0,,,,0,,,0,,NA
6449,1058153,(2:36) (Shotgun) 15-P.Mahomes pass short middle to 15-P.Mahomes to KC 42 for 2 yards (99-O.Oweh).,KC,BLT,PASS,36,4,2,36,27,20,3,0,3,10,40,3,2,0,0,1,0,0,,0,,,,00-0033873,1,0,SM,00-0033873,,-1,00-0036940,,,,,,,,,,,,,,,0,,,,,,,0,,,,0,,,0,,,,0,,,0,,NA
6449,1058154,"(2:00) 14-M.Araiza punts 48 yards to BLT 10, Center-41-J.Winchester. 3-D.Harty to BLT 13 for 3 yards (13-N.Johnson).",KC,BLT,PUNT,10,4,2,0,27,20,3,0,4,8,42,3,0,1,0,0,0,0,,0,,,,,0,0,,,,,,,,,,,,,,,,,,,,0,,,,,,,0,00-0037284,48,45,0,00-0035215,3,0,,,,0,,,0,,NA
6449,1058155,(1:50) (Shotgun) 8-L.Jackson pass short right to 80-I.Likely pushed ob at BLT 21 for 8 yards (35-Ja.Watson).,BLT,KC,PASS,5,4,1,50,20,27,0,3,1,10,13,1,8,1,0,1,0,0,,0,,,,00-0034796,1,0,SR,00-0037838,,5,00-0037195,,,,,,,,,,,,,,,0,,,,,,,0,,,,0,,,0,,,,0,,,0,,NA
6449,1058156,(1:45) (Shotgun) 8-L.Jackson scrambles right end pushed ob at BLT 30 for 9 yards (27-C.Conner).,BLT,KC,RUSH,8,4,1,45,20,27,0,3,2,2,21,2,9,1,1,1,0,0,00-0034796,0,RE,00-0038982,,,0,0,,,,,,,,,,,,,,,,,,,,0,,,,,,,0,,,,0,,,0,,,,0,,,0,,NA
6449,1058157,(1:37) (Shotgun) 8-L.Jackson pass incomplete deep left to 7-R.Bateman.,BLT,KC,PASS,6,4,1,37,20,27,0,3,1,10,30,2,0,0,0,1,0,0,,0,,,,00-0034796,0,0,DL,00-0036550,,40,,,,,,,,,,,,,,,,0,,,,,,,0,,,,0,,,0,,,,0,,,0,,NA
6449,1058158,(1:31) (Shotgun) 8-L.Jackson pass short right to 80-I.Likely pushed ob at BLT 38 for 8 yards (35-Ja.Watson).,BLT,KC,PASS,5,4,1,31,20,27,0,3,2,10,30,2,8,1,0,1,0,0,,0,,,,00-0034796,1,0,SR,00-0037838,,3,00-0037195,,,,,,,,,,,,,,,0,,,,,,,0,,,,0,,,0,,,,0,,,0,,NA
6449,1058159,(1:26) (Shotgun) 8-L.Jackson scrambles up the middle to BLT 41 for 3 yards (32-N.Bolton). KC-54-L.Chenal was injured during the play.,BLT,KC,RUSH,15,4,1,26,20,27,0,3,3,2,38,2,3,1,1,1,0,0,00-0034796,0,RM,00-0036621,,,0,0,,,,,,,,,,,,,,,,,,,,0,,,,,,,0,,,,0,,,0,,,,0,,,0,,NA
6449,1058160,Timeout #1 by KC at 01:11.,NA,NA,NOPL,0,4,1,11,0,0,0,0,0,0,NA,1,0,0,0,0,0,0,,0,,,,,0,0,,,,,,,,,,,,,,,,,,,,0,,,,,,,0,,,,0,,,0,,,,0,,,0,,NA
6449,1058161,(1:11) (Shotgun) 8-L.Jackson pass short right to 43-J.Hill to BLT 48 for 7 yards (32-N.Bolton).,BLT,KC,PASS,24,4,1,11,20,27,0,2,1,10,41,3,7,0,0,1,0,0,,0,,,,00-0034796,1,0,SR,00-0034975,,0,00-0036621,,,,,,,,,,,,,,,0,,,,,,,0,,,,0,,,0,,,,0,,,0,,NA
6449,1058162,"(:47) (No Huddle, Shotgun) 8-L.Jackson pass short right to 80-I.Likely pushed ob at KC 48 for 4 yards (35-Ja.Watson).",BLT,KC,PASS,4,4,0,47,20,27,0,2,2,3,48,3,4,1,1,1,1,0,,0,,,,00-0034796,1,0,SR,00-0037838,,1,00-0037195,,,,,,,,,,,,,,,0,,,,,,,0,,,,0,,,0,,,,0,,,0,,NA
6449,1058163,(:43) (Shotgun) 8-L.Jackson pass deep right to 7-R.Bateman to KC 10 for 38 yards (6-B.Cook).,BLT,KC,PASS,25,4,0,43,20,27,0,2,1,10,52,3,38,1,1,1,0,0,,0,,,,00-0034796,1,0,DR,00-0036550,,36,00-0037193,,,,,,,,,,,,,,,0,,,,,,,0,,,,0,,,0,,,,0,,,0,,NA
6449,1058164,"(:18) (No Huddle, Shotgun) 8-L.Jackson pass incomplete short left to 80-I.Likely. BLT-80-I.Likely was injured during the play.",BLT,KC,PASS,8,4,0,18,20,27,0,2,1,10,90,5,0,0,0,1,1,0,,0,,,,00-0034796,0,0,SL,00-0037838,,10,,,,,,,,,,,,,,,,0,,,,,,,0,,,,0,,,0,,,,0,,,0,,NA
6449,1058165,Timeout #4 by BLT at 00:10.,NA,NA,NOPL,0,4,0,10,0,0,0,0,0,0,NA,1,0,0,0,0,0,0,,0,,,,,0,0,,,,,,,,,,,,,,,,,,,,0,,,,,,,0,,,,0,,,0,,,,0,,,0,,NA
6449,1058166,(:10) (Shotgun) 8-L.Jackson pass incomplete short middle to 4-Z.Flowers. ** Injury Update: KC-54-L.Chenal has returned to the game.,BLT,KC,PASS,5,4,0,10,20,27,0,2,2,10,90,5,0,0,0,1,0,0,,0,,,,00-0034796,0,0,SM,00-0039064,,10,,,,,,,,,,,,,,,,0,,,,,,,0,,,,0,,,0,,,,0,,,0,,NA
6449,1058167,"(:05) (Shotgun) 8-L.Jackson pass short middle to 80-I.Likely for 10 yards, TOUCHDOWN.The Replay Official reviewed the pass completion ruling, and the play was REVERSED.(Shotgun) 8-L.Jackson pass incomplete short middle to 80-I.Likely (32-N.Bolton). ** Injury Update: BLT-80-I.Likely has returned to the game.",BLT,KC,PASS,-3595,4,0,5,20,27,0,2,3,10,90,5,0,0,0,1,0,0,,0,,,,00-0034796,0,0,SM,00-0037838,00-0036621,10,,,,,,,,,,,,,,,,0,,,,,,,0,,,,0,,,0,,,,0,,,0,,NA
